William Bricker,0
Gavan Brown,1
Jakub Dzikowski,2
Chris Quilliams,3
Steffen Bieker,4
Alexandr Elichev,5
Scott Schomburg,6
Clay Brooks,7
Isaac Fryxelius,8
John Howe,9
Matt Allsopp,10
Kat G Birmelin,11
Jason Behnke,12
Francesca Baerald,13
Dennis Lohausen,14
Viktor Csete,15
Filip Murmak,16
Julien Delval,17
Beth Sobel,18
Andreas Resch,19
Jakub Rozalski,20
Noah Adelman,21
Antje Stephan,22
Miguel Coimbra,23
John Camacho,24
Štěpán Drašťák,25
Piotr Foksowicz,26
Marina Fahrenbach,27
Ana Maria Martinez Jaramillo,28
Christopher Hosch,29
Ondřej Hrdina,30
Kyle Ferrin,31
Anthony LeTourneau,32
Klemens Franz,33
J. Lonnee,34
Mauro Alocci,35
Eric Hibbeler,36
Joshua Gerald Balvin,37
Marco Armbruster,38
Andrew Bosley,39
Jacqui Davis,40
Vincent Dutrait,41
Scott Altmann,42
,43
Allison Litchfield,44
Snow Conrad,45
Ian O'Toole,46
Cole Wehrle,47
Milan Vavroň,48
Dimitris Anastasiadis,49
Franz Vohwinkel,50
Nicolas Fructus,51
Dan Gerlach,52
Javier González Cava,53
Villő Farkas,54
Justin Adams,55
Bruce Brenneise,56
Henning Ludvigsen,57
Ryan Laukat,58
Atha Kanaani,59
Álvaro Calvo Escudero,60
Dan Hallagan,61
Josh Cappel,62
Cristi Balanescu,63
Domonkos Bence,64
Fiore GmbH,65
Mihajlo Dimitrievski,66
Matthias Catrein,67
Arden Beckwith,68
Bruno Balixa,69
Danny Beck,70
Zeen Chin,71
Antoine Bauza,72
Martin Hoffmann,73
Philippe Guérin,74
Clément Masson,75
Maëva da Silva,76
Joan Guardiet,77
Rayph Beisner,78
Cyrille Daujean,79
Ossi Hiekkala,80
Gjermund Bohne,81
Gong Studios,82
Paolo Voto,83
Eric Belisle,84
Doris Matthäus,85
Odysseas Stamoglou,86
Kei Kajino (梶野 桂),87
Richard Cortes,88
Micaela Dawn,89
Bartek Jędrzejewski,90
James Masino,91
Dimitri Chappuis,92
Tomasz Bentkowski,93
Tyler Johnson,94
Fabien Fulchiron,95
Davide Tosello,96
Dimitri Bielak,97
Kevin Childress,98
Anders Finér,99
James Brady,100
Merilliza Chan,101
Juliet Breese,102
Bascu,103
Harald Lieske,104
Cyril Demaegd,105
Leonardo Borazio,106
Alexandre Roche,107
atelier198,108
Sean Brown,109
Jo Hartwig,110
Manny Trembley,111
Adrian Smith,112
Clémentine Campardou,113
Ludovic Roudy,114
The Creation Studio,115
Piotr Gacek,116
Stéphane Gantiez,117
Éric Azagury,118
Jose David Lanza Cebrian,119
Fifty-Nine Parks Print Series,120
Sam Phillips,121
Taira Akitsu,122
Rob Alexander,123
Luis Francisco,124
Vito Gesualdi,125
Victor Adame,126
Dragolisco,127
David Cochard,128
Anthony Wolff,129
Josh J. Carlson,130
Roland MacDonald,131
Yoma,132
Even Mehl Amundsen,133
Michael Menzel,134
Brigette Indelicato,135
Bernard Bittler,136
Jason Coates,137
Leon Schiffer,138
Cody Miller,139
Delia Arnone,140
Anne Heidsieck,141
M81 Studio,142
Borja Pindado Arribas,143
Ilya Baranovsky,144
Tim Arney-O'Neil,145
Toni Llobet,146
John Yianni,147
Karolina Kijak,148
Chema Román,149
Alex Aparin,150
Peter Wocken,151
Rodger B. MacGowan,152
Keith Curtis,153
Andrew Navaro,154
Chris Walton,155
Carole Carrion,156
Prospero Hall,157
Kurt Miller,158
Dominik Mayer,159
Jake Murray,160
Heiko Eller,161
Barbro Hennius,162
Tomasz Jedruszek,163
Brian Brinlee,164
Marcel Gröber,165
Ervin,166
Ted Alspach,167
Pascal Quidault,168
JJ Ariosa,169
Jan Lipiński,170
David Richards,171
Kerri Aitken,172
Daniel Solis,173
Jean-Marie Minguez,174
Charles Kibler,175
Kris Burm,176
Petr Boháček,177
Mikkel Bertelsen,178
Mackenzie Schubert,179
Lee Brimmicombe-Wood,180
Kwanchai Moriya,181
Tomáš Kučerovský,182
Anthony Cournoyer,183
Julius Abrea,184
Justin Chan,185
Maisherly Chan,186
Oliver Barrett,187
Marcin Adamski,188
Nan Rangsima,189
Daniel Goll,190
Miguel Valenzuela Beltrán,191
Arnaud Demaegd,192
Ed Carter (III),193
Lukas Siegmon,194
Sören Meding,195
Randy Delven,196
Naomi Robinson,197
Lina Cossette,198
Oliver Freudenreich,199
Mike Atkinson,200
Fahed Alrajil,201
Cécile Gariépy,202
Maxime Morin,203
Sergio Chaves,204
Edu Valls,205
Matt Kindt,206
Aga Jakimiec,207
Giorgio De Michele,208
Erik Evensen,209
David Bock,210
Ryan Barger,211
Marie Bergeron,212
Lucien Derainne,213
Édouard Guiton,214
Alexander Jung,215
David Cicurel,216
Cyril Bouquet,217
Antonis Papantoniou,218
John Austin,219
Zoe Robinson,220
Stephen Gibson,221
Anton Fadeev,222
Sébastien Bizos,223
Ben Carre,224
Kev Adams,225
Marie Cardouat,226
Régis Bonnessée,227
Volkan Baga,228
Clark Huggins,229
(Uncredited),230
Clau Souza,231
Andrea Cofrancesco,232
Bogna Gawrońska,233
Jun Kondo,234
Jeroen Kesselaar,235
Anne Pätzke,236
Óscar Aguado,237
Jared Blando,238
Martin Abel,239
Radim Pech,240
Ynze Moedt,241
Osamu Inoue (井上磨),242
Paul Niemeyer,243
Kali Fitzgerald,244
Benoit Billion,245
David Ausloos,246
Paul Riebe,247
Mateusz Bielski,248
Mariusz Gandzel,249
Giorgio Baroni,250
Paul Mafayon,251
Chris Beck,252
Christian Fiore,253
Mathieu Leyssenne,254
Patrick Soeder,255
Samuel Gonzalo García,256
Karolina Jędrzejak,257
Roman Bednář,258
Jaroslav Jurica,259
Piotr Burzykowski,260
Sandara Tang,261
Silvia Christoph,262
Gerralt Landman,263
Virginia Critchfield,264
Alanna Cervenak,265
Ben Nelson,266
Tom Garden,267
Josefin Strand,268
Joshua Panelo,269
Denis Martynets,270
Sergey Dulin,271
Gianluca Santopietro,272
Hannah Cardoso,273
Agnieszka Dabrowiecka,274
Michał Długaj,275
Gaël Lannurien,276
Joe Van Wetering,277
Patricia Limberger,278
Valerio Buonfantino,279
Xavier Collette,280
Igor Burlakov,281
Eric Elwell,282
Dorien Boekhorst,283
Pierô,284
Don Eskridge,285
Luís Brueh,286
Taylor Bennett,287
Erfian Asafat,288
Jiahui Eva Gao,289
Ben Zweifel,290
Viktor Miller Gausa,291
Patryk Jędraszek,292
Grzegorz Bobrowski,293
Mad4GameStyle,294
Kirk W. Buckendorf,295
Davey Baker,296
Jon Hodgson,297
Pauline Detraz,298
Drew Baker,299
Gabriel Butik,300
Dommiy,301
Alan D'Amico,302
Preston Stone,303
Rose Kipik,304
Biboun,305
Migy Blanco,306
Tavis Coburn,307
Banu Andaru,308
Bernd Brunnhofer,309
Terry Leeds,310
"Lars-Arne ""Maura"" Kalusky",311
Charles Woods,312
Steve Finn,313
Ed Dovey,314
Ben Goldman,315
Georges Clarenko,316
Bartek Fedyczak,317
Sofie Hannibal,318
Mario Barbati,319
Looky,320
Fábio Fontes,321
Jason Boles,322
Josh Emrich,323
Wilhelm Su,324
Loïc Billiau,325
Oliver Schlemmer,326
John Blanche,327
Michal Peichl,328
Pierre Benigni,329
Mariano Iannelli,330
Simon Caruso,331
Jason Engle,332
Jean du Poël,333
Lamaro Smith,334
Zoë van Dijk,335
Cody Jones,336
Daarken,337
Dávid Jablonovský,338
James Churchill,339
Bertrand Benoit,340
Jean Baer,341
Marc Aspinall,342
Chaykov,343
Stephen Baker,344
Clark Miller,345
Nicolás Eskubi,346
Maren Gutt,347
Björn Pertoft,348
Alex Hansen,349
Ian Parovel,350
Peter Dennis,351
Herman Haverkort,352
Fernando Armentano,353
Annick Lobet,354
Joseph Z Chen,355
Ralf Berszuck,356
Kristen Pauline,357
Dylan Mangini,358
John Gravato,359
Luan Huynh,360
Isidre Monés,361
Steve Fastner,362
Giulia Ghigini,363
Antonio Dessi,364
Scott Okumura,365
Irina Kuzmina,366
John Guytan,367
C. B. Canga,368
Damien Mammoliti,369
Christopher Burdett,370
Jesper Ejsing,371
Wayne England,372
Guillaume Ducos,373
Nolan Nasser,374
Anca Gavril,375
Richard Edwards,376
Jörg Asselborn,377
Antoine Carrion,378
Marc André,379
Marta Tranquilli,380
Jennifer Easley,381
Gaël Goumon,382
Sketchgoblin,383
Donal Hegarty,384
Jay Little,385
Laura Michaud,386
Michaela Kienle,387
Ewa Labak,388
Stéphane Escapa,389
Elaine Ryan,390
Jarek Nocoń,391
Marius Janusonis,392
Chris Lawson,393
Carl Critchlow,394
WiL Springer,395
Tignous,396
Peter Bergting,397
John McCambridge,398
Claus Stephan,399
Jennifer L. Meyer,400
Mads Berg,401
Vincent Boulanger,402
Gus Batts,403
Florian de Gesincourt,404
Peter Gifford,405
Adam Rebottaro,406
Zuzanna Kołakowska,407
Eric J. Carter,408
Víctor Pérez Corbella,409
Adam P. McIver,410
Alé Garza,411
Philipp Ach,412
Noah Bradley,413
Katie Dillon,414
Timur Baskakov,415
Phil Eklund,416
Brian Schomburg,417
Anh Le Art,418
Laurent Bazart,419
Shawna J.C. Tenney,420
Dominique Ferland,421
Victor Boden,422
Collateral Damage Studios,423
Saeed Jalabi,424
Behnam Balali,425
Antonio De Luca,426
Hans-Jörg Brehm,427
Gary Chalk,428
Ryan Goldsberry,429
Aaron Nakahara,430
Xavier Carrascosa,431
David Cherry,432
Scott Nicely,433
Christine Bielke,434
Dallas Mehlhoff,435
Guido Favaro,436
Daniel Zrom,437
Marlies Barends,438
Lucas Graciano,439
Jacques Bredy,440
Taylor Ingvarsson,441
Stephan Lorenz,442
Anna H Lindberg,443
Francesco Ciampi,444
Karim Chakroun,445
Jun Sasaki,446
Nicolas Caniaux,447
Georges Bouchelaghem,448
Dennis Crabapple McClain,449
Deirdre de Barra,450
Kaya,451
Apolline Etienne,452
John Vetter,453
Lucas Durham,454
Laura Bevon,455
Chad Jensen,456
Manuel Casasola Merkle,457
Sabrina Miramon,458
Gyom,459
Arnaud Boudoiron,460
Barbara Gołębiewska,461
Ryo Nyamo,462
Erik Frobom,463
Justin Schultz,464
Dave Dobyski,465
Diana Franco Campos,466
Tony Boydell,467
Cyrille Bertin,468
Eric Sabee,469
James Colmer,470
Mila Harbar,471
Alessandra Cimatoribus,472
Martin Mottet,473
Etienne Hebinger,474
Jonas Hassibi,475
Nina Allen,476
Joe Youst,477
Xavier Gueniffey Durin,478
Pavel Zhovba,479
Thander Lin,480
Jérémie Fleury,481
Daan van Paridon,482
Matthew Bishop,483
Sophia Kang,484
Matt Bradbury,485
Roman Kucharski,486
