Terraforming Mars,0
,1
Spirit Island,2
"Dune: Imperium, Dune: Imperium - Uprising",3
"Viticulture, Viticulture Essential Edition",4
Lost Ruins of Arnak,5
Scythe,6
"Wingspan, Wingspan Asia",7
Ark Nova,8
"Dominion, Dominion (Second Edition), Dominion (Second Edition) Big Box, Dominion: Big Box, Dominion: Einsteiger-Bigbox, Dominion: Intrigue, Dominion: Special Edition, Het Koninkrijk Dominion",9
Lords of Waterdeep,10
Root,11
Star Wars: Rebellion,12
Pandemic,13
A Feast for Odin,14
"Dominion, Dominion (Second Edition), Dominion (Second Edition) Big Box, Dominion: Big Box, Dominion: Big Box, Dominion: Einsteiger-Bigbox, Dominion: Intrigue, Dominion: Special Edition, Het Koninkrijk Dominion",15
7 Wonders Duel,16
Race for the Galaxy,17
Ticket to Ride,18
Mage Knight Board Game,19
Eldritch Horror,20
Twilight Imperium: Third Edition,21
7 Wonders,22
Twilight Imperium: Fourth Edition,23
Terra Mystica,24
"Carcassonne, Carcassonne: 10 Year Special Edition, Carcassonne: 20th Anniversary Edition, Carcassonne: Wheel of Fortune",25
"7 Wonders, 7 Wonders: Leaders",26
"Legendary: A Marvel Deck Building Game, Legendary: A Marvel Deck Building Game - Villains",27
Quacks,28
Great Western Trail,29
"Concordia, Concordia Venus",30
Agricola,31
Champions of Midgard,32
"Arkham Horror: The Card Game, Arkham Horror: The Card Game (Revised Edition)",33
"Dominion, Dominion (Second Edition), Dominion (Second Edition) Big Box, Dominion: Big Box, Dominion: Einsteiger-Bigbox, Dominion: Intrigue",34
Eclipse: New Dawn for the Galaxy,35
"Orléans, Orléans: Deluxe Edition",36
"Ticket to Ride, Ticket to Ride: Europe, Ticket to Ride: Germany, Ticket to Ride: Märklin, Zug um Zug: Deutschland",37
"Dominion, Dominion (Second Edition), Dominion: Intrigue, Dominion: Special Edition",38
"Race for the Galaxy, Race for the Galaxy: The Gathering Storm",39
Xia: Legends of a Drift System,40
King of Tokyo,41
"Everdell, Everdell: Collector's Edition",42
PARKS,43
"Scythe, Scythe: Invaders from Afar",44
Tzolk'in: The Mayan Calendar,45
"Cosmic Encounter, Cosmic Encounter: 42nd Anniversary Edition",46
Roll Player,47
Five Tribes: The Djinns of Naqala,48
Battlestar Galactica: The Board Game,49
CATAN,50
"Ticket to Ride, Ticket to Ride: Europe, Ticket to Ride: Germany, Ticket to Ride: Märklin, Ticket to Ride: Nordic Countries, Zug um Zug: Deutschland",51
Arkham Horror,52
Raiders of the North Sea,53
Clank!: A Deck-Building Adventure,54
"Pandemic, Pandemic: On the Brink, Pandemic: State of Emergency",55
"Dixit, Dixit: Journey, Dixit: Odyssey",56
Mansions of Madness: Second Edition,57
Roll for the Galaxy,58
Underwater Cities,59
Viticulture,60
"Ticket to Ride, Ticket to Ride: Europe",61
"Dominion, Dominion (Second Edition), Dominion (Second Edition) Big Box, Dominion: Big Box, Dominion: Intrigue, Dominion: Special Edition, Het Koninkrijk Dominion",62
Res Arcana,63
Kingsburg,64
War of the Ring: Second Edition,65
"Ticket to Ride, Ticket to Ride Map Collection 1: Asia + Legendary Asia, Ticket to Ride Map Collection 2: India & Switzerland, Ticket to Ride Map Collection 3: The Heart of Africa, Ticket to Ride Map Collection 4: Nederland, Ticket to Ride Map Collection 5: United Kingdom & Pennsylvania, Ticket to Ride: Europe, Ticket to Ride: Märklin, Ticket to Ride: Nordic Countries, Ticket to Ride: Rails & Sails, Ticket to Ride: Switzerland, Zug um Zug: Deutschland",66
Star Wars: Outer Rim,67
"Funkenschlag: EnBW, Mégawatts, Power Grid",68
T.I.M.E Stories,69
Blood Rage,70
Flamme Rouge,71
"7 Wonders, 7 Wonders: Cities, 7 Wonders: Leaders",72
Through the Ages: A New Story of Civilization,73
Civilization,74
Galaxy Trucker,75
"Small World, Small World Underground",76
"Spirit Island, Spirit Island: Jagged Earth",77
Istanbul,78
Marvel Champions: The Card Game,79
Memoir '44,80
"Race for the Galaxy, Race for the Galaxy: Rebel vs Imperium, Race for the Galaxy: The Gathering Storm",81
Final Girl,82
Suburbia,83
Obsession,84
"Dominion, Dominion (Second Edition), Dominion (Second Edition) Big Box, Dominion: Big Box, Dominion: Big Box, Dominion: Intrigue, Dominion: Special Edition, Het Koninkrijk Dominion",85
Architects of the West Kingdom,86
Village,87
Anachrony,88
Chaos in the Old World,89
"Ticket to Ride, Ticket to Ride: Europe, Ticket to Ride: Germany, Zug um Zug: Deutschland",90
"Viticulture, Viticulture Essential Edition, Viticulture: Complete Collector's Edition",91
Elder Sign,92
The Lord of the Rings: Journeys in Middle-Earth,93
Cyclades,94
Barrage,95
Russian Railroads,96
Sid Meier's Civilization: The Board Game,97
Takenoko,98
Sagrada,99
Rising Sun,100
Mysterium,101
"Dice Throne, Dice Throne:  Season Two -  Battle Chest Champion Edition, Dice Throne: Santa v. Krampus, Dice Throne: Season One, Dice Throne: Season One ReRolled, Dice Throne: Season One ReRolled - Barbarian v. Moon Elf, Dice Throne: Season One ReRolled - Monk v. Paladin, Dice Throne: Season One ReRolled - Pyromancer v. Shadow Thief, Dice Throne: Season One ReRolled - Treant v. Ninja, Dice Throne: Season Two - Battle Chest, Dice Throne: Season Two - Cursed Pirate v. Artificer, Dice Throne: Season Two - Gunslinger v. Samurai, Dice Throne: Season Two - Seraph v. Vampire Lord, Dice Throne: Season Two - Tactician v. Huntress, Marvel Dice Throne: Deadpool, Marvel Dice Throne: X-Men, Marvel Dice Throne: X-Men - Cyclops v. Gambit v. Rogue v. Jean Grey, Marvel Dice Throne: X-Men - Iceman v. Psylocke v. Storm v. Wolverine",102
Tapestry,103
