"Expansion for Base-game, Economic, Environmental, Industry / Manufacturing, Science Fiction",0
"Age of Reason, Economic, Industry / Manufacturing, Post-Napoleonic, Trains, Transportation",1
"Dice, Medieval, Territory Building",2
"Environmental, Medical",3
"Animals, Economic, Environmental",4
"Adventure, Exploration, Fantasy, Fighting, Miniatures",5
"Civilization, Economic, Exploration, Negotiation, Political, Science Fiction, Space Exploration, Wargame",6
"Movies / TV / Radio theme, Novel-based, Political, Science Fiction",7
"Economic, Environmental, Industry / Manufacturing, Science Fiction, Space Exploration, Territory Building",8
"Fantasy, Fighting, Novel-based, Territory Building, Wargame",9
"Civil War, Miniatures, Movies / TV / Radio theme, Science Fiction, Space Exploration, Wargame",10
"Expansion for Base-game, Fantasy, Fighting, Mythology, Territory Building",11
"Environmental, Fantasy, Fighting, Mythology, Territory Building",12
"Civilization, Economic, Miniatures, Science Fiction, Space Exploration, Territory Building",13
"Expansion for Base-game, Fantasy, Fighting, Mythology",14
"Expansion for Base-game, Movies / TV / Radio theme, Novel-based, Political, Science Fiction",15
"Modern Warfare, Political, Wargame",16
"Card Game, Civilization, Economic",17
"Animals, Dice, Medieval, Territory Building",18
"Expansion for Base-game, Farming",19
"American West, Animals, Economic",20
"Economic, Fighting, Science Fiction, Territory Building",21
"Civilization, Exploration, Science Fiction, Space Exploration, Territory Building, Wargame",22
"Ancient, Card Game, City Building, Civilization, Economic",23
"Economic, Industry / Manufacturing, Post-Napoleonic, Transportation",24
"Adventure, Exploration, Fantasy, Fighting",25
"Expansion for Base-game, Adventure, Ancient, Exploration, Travel",26
"Civilization, Economic, Expansion for Base-game, Fighting, Science Fiction, Territory Building",27
"Adventure, Horror, Miniatures, Science Fiction",28
"Adventure, Fantasy, Miniatures",29
"Economic, Farming, Industry / Manufacturing, Medieval, Puzzle",30
"Ancient, Economic, Nautical",31
"Expansion for Base-game, Animals, Economic, Educational",32
"Animals, Economic, Educational, Expansion for Base-game",33
"Adventure, Card Game, Collectible Components, Exploration, Horror, Novel-based",34
"Adventure, Exploration, Fantasy",35
"Animals, Fantasy, Negotiation, Territory Building, Wargame",36
"Expansion for Base-game, Animals, Economic, Environmental",37
"Adventure, Dice, Fantasy, Fighting",38
"Civilization, Economic, Fantasy, Territory Building",39
"Animals, Card Game, Educational",40
"Expansion for Base-game, Economic, Environmental, Industry / Manufacturing, Science Fiction, Space Exploration, Territory Building",41
"Medieval, Religious, Travel",42
"Economic, Environmental, Industry / Manufacturing",43
Aviation / Flight,44
"Card Game, Expansion for Base-game, Medieval",45
"Adventure, Card Game, Deduction, Mythology, Nautical",46
"Animals, Card Game, City Building, Fantasy",47
"Economic, Farming",48
"Card Game, Fantasy, Novel-based",49
"City Building, Expansion for Base-game, Fantasy",50
"Racing, Sports",51
"Card Game, Collectible Components, Comic Book / Strip, Fighting",52
"Economic, Expansion for Base-game, Territory Building",53
Action / Dexterity,54
"Economic, Industry / Manufacturing",55
"Economic, Educational, Negotiation, Political, Post-Napoleonic, Spies / Secret Agents",56
"Card Game, City Building, Civilization, Industry / Manufacturing, Nautical, Science Fiction",57
"Economic, Educational, Negotiation, Political",58
"City Building, Economic, Farming",59
"Animals, Environmental, Puzzle",60
"Fantasy, Fighting, Horror, Miniatures, Novel-based",61
Spies / Secret Agents,62
"Animals, Expansion for Base-game, Fantasy, Wargame",63
"Animals, Economic, Fantasy, Farming",64
"Economic, Science Fiction",65
"Expansion for Base-game, Movies / TV / Radio theme, Science Fiction, Wargame",66
"City Building, Economic, Exploration, Science Fiction, Space Exploration, Territory Building",67
"Adventure, Card Game, Fantasy, Fighting, Video Game Theme",68
"Fantasy, Fighting, Miniatures, Mythology",69
"Animals, Economic, Farming",70
"Adventure, Card Game, Dice, Exploration, Fantasy, Fighting, Miniatures, Mythology, Puzzle",71
"Adventure, Exploration, Fantasy, Fighting, Nautical",72
"City Building, Economic, Industry / Manufacturing, Political",73
"Environmental, Exploration, Medical, Science Fiction",74
"Civilization, Fantasy, Territory Building",75
Post-Napoleonic,76
"Expansion for Base-game, Environmental, Medical, Science Fiction",77
"Economic, Expansion for Base-game, Farming, Industry / Manufacturing, Medieval, Puzzle",78
Economic,79
"Adventure, Exploration, Fantasy, Fighting, Horror, Miniatures, Murder / Mystery, Mythology, Puzzle",80
"Ancient, Civilization, Economic, Farming, Mythology",81
"Science Fiction, Space Exploration",82
"Fantasy, Medieval",83
"City Building, Economic, Industry / Manufacturing, Nautical",84
"Economic, Exploration, Nautical, Pirates",85
Medieval,86
"Card Game, Expansion for Base-game, Medieval, Nautical",87
"Adventure, Fantasy",88
"Adventure, Exploration, Fighting, Miniatures, Movies / TV / Radio theme, Science Fiction, Wargame",89
"Bluffing, Card Game, Collectible Components, Science Fiction",90
"Fantasy, Fighting, Miniatures, Video Game Theme",91
"Card Game, Science Fiction, Space Exploration",92
"Adventure, Dice, Fantasy, Fighting, Horror, Mature / Adult, Miniatures, Mythology",93
"Expansion for Base-game, Ancient, Card Game, City Building, Civilization",94
"Card Game, Civilization, Economic, Science Fiction, Space Exploration",95
"Abstract Strategy, Puzzle, Renaissance",96
"Arabian, Fantasy, Mythology",97
"Animals, Environmental",98
"Dice, Economic",99
"Expansion for Base-game, Card Game, Civilization, Economic, Science Fiction, Space Exploration",100
Trains,101
"Civilization, Fighting, Science Fiction, Space Exploration, Territory Building, Wargame",102
"Economic, Farming, Industry / Manufacturing",103
"Civilization, Industry / Manufacturing, Science Fiction",104
"Card Game, Fantasy, Fighting, Science Fiction",105
"Exploration, Travel",106
"City Building, Fantasy",107
"Medieval, Renaissance",108
"Animals, Economic, Educational",109
"Ancient, City Building, Economic",110
"Animals, Economic",111
Card Game,112
"Civilization, Science Fiction, Space Exploration",113
"Ancient, Economic",114
"Civilization, Economic",115
"Bluffing, Deduction, Horror, Murder / Mystery, Party Game",116
"Animals, Environmental, Prehistoric",117
"Deduction, Puzzle, Space Exploration",118
"Adventure, Exploration, Fighting, Novel-based, Territory Building",119
"Dice, Economic, Medieval, Travel",120
"Card Game, Fantasy, Horror",121
"Expansion for Base-game, Trains",122
"Deduction, Party Game, Spies / Secret Agents, Word Game",123
"Card Game, Economic, Renaissance",124
"Ancient, Card Game, Exploration, Miniatures, Mythology, Wargame",125
"Civilization, Economic, Science Fiction, Space Exploration",126
"Bluffing, Deduction, Movies / TV / Radio theme, Political, Science Fiction, Space Exploration, Spies / Secret Agents",127
"Adventure, Expansion for Base-game, Exploration, Fantasy, Fighting, Miniatures",128
"Economic, Industry / Manufacturing, Post-Napoleonic",129
"City Building, Economic, Medieval",130
"Expansion for Base-game, Adventure, Fantasy, Fighting, Horror, Novel-based, Travel",131
"Adventure, Exploration, Fantasy, Mature / Adult, Medieval, Miniatures, Mythology, Travel",132
"Adventure, Exploration",133
"Civilization, Expansion for Base-game, Negotiation, Political, Science Fiction, Space Exploration, Wargame",134
"Economic, Fantasy, Fighting",135
"City Building, Economic, Renaissance, Territory Building, Transportation",136
"Medieval, Nautical",137
"Abstract Strategy, Ancient, Civilization, Territory Building",138
"Card Game, Medieval",139
"Science Fiction, Space Exploration, Wargame",140
"Ancient, Mythology",141
"Dice, Economic, Medieval",142
Renaissance,143
"Adventure, Fighting, Horror, Novel-based, Travel",144
"Adventure, Exploration, Horror, Miniatures, Science Fiction",145
"Economic, Post-Napoleonic",146
"Adventure, Exploration, Fantasy, Fighting, Miniatures, Novel-based",147
"Expansion for Base-game, Economic, Environmental, Industry / Manufacturing, Science Fiction, Territory Building",148
"Abstract Strategy, Economic, Puzzle",149
"Civilization, Negotiation, Political, Science Fiction, Space Exploration, Wargame",150
"Economic, Post-Napoleonic, Trains, Transportation",151
"Ancient, Political",152
"Industry / Manufacturing, Trains",153
"Expansion for Base-game, Civilization, Economic, Negotiation, Political, Science Fiction, Space Exploration, Wargame",154
Fantasy,155
"Bluffing, Fantasy, Miniatures, Mythology, Negotiation, Wargame",156
"Animals, Card Game, Fantasy",157
"Adventure, Card Game, Exploration, Science Fiction",158
"Medical, Post-Napoleonic, Trains",159
Science Fiction,160
"Bluffing, Fighting, Miniatures, Science Fiction, Wargame",161
"Adventure, Exploration, Miniatures, Science Fiction, Space Exploration",162
"Card Game, Deduction, Party Game, Spies / Secret Agents, Word Game",163
"Deduction, Party Game, Word Game",164
"Adventure, Dice, Fantasy, Fighting, Medieval, Mythology",165
"Animals, Economic, Environmental, Travel",166
"Dice, Economic, Renaissance, Territory Building",167
"Civilization, Dice, Economic, Science Fiction, Space Exploration",168
"Medical, Travel",169
"Ancient, City Building",170
"Economic, Industry / Manufacturing, Science Fiction",171
"Arabian, Card Game",172
"Civilization, Economic, Expansion for Base-game, Fantasy, Territory Building",173
"Fantasy, Fighting",174
"Fantasy, Territory Building",175
"Card Game, Fighting, Science Fiction",176
"Card Game, Collectible Components, Fantasy, Fighting",177
"Card Game, Fantasy",178
"Trains, Travel",179
"Animals, Fantasy, Nautical, Puzzle",180
"Deduction, Fantasy, Puzzle",181
"Card Game, Political",182
"Card Game, Civilization, Economic, Science Fiction",183
"Wargame, World War II",184
"Expansion for Base-game, City Building, Medieval, Territory Building",185
"City Building, Industry / Manufacturing, Puzzle, Science Fiction, Space Exploration, Territory Building",186
"Adventure, Card Game, Collectible Components, Fantasy, Novel-based",187
"Adventure, Card Game, Collectible Components, Exploration, Fantasy, Horror, Novel-based",188
"Dice, Economic, Prehistoric",189
"City Building, Medieval, Puzzle",190
"Ancient, Fantasy, Miniatures, Mythology, Wargame",191
"Abstract Strategy, Medieval, Wargame",192
"Deduction, Murder / Mystery, Novel-based, Post-Napoleonic, Spies / Secret Agents",193
"Exploration, Nautical, Renaissance",194
"Card Game, Fighting, Horror, Movies / TV / Radio theme, Science Fiction",195
"City Building, Economic, Farming, Territory Building",196
"Card Game, Fantasy, Fighting, Horror, Novel-based",197
"Ancient, Card Game, City Building, Civilization, Expansion for Base-game",198
"Aviation / Flight, Bluffing, Collectible Components, Miniatures, Movies / TV / Radio theme, Science Fiction, Wargame",199
"Dice, Number",200
"Expansion for Base-game, Card Game, Comic Book / Strip",201
"Adventure, Exploration, Fighting, Science Fiction, Space Exploration, Transportation",202
"Expansion for Base-game, Medieval",203
"Arabian, Card Game, Economic",204
"American West, Expansion for Base-game, Trains",205
City Building,206
"Animals, Card Game, Environmental",207
"Ancient, Expansion for Base-game",208
"City Building, Science Fiction",209
"Adventure, Exploration, Movies / TV / Radio theme, Science Fiction, Space Exploration",210
"Bluffing, Fighting, Negotiation, Novel-based, Political, Science Fiction, Wargame",211
"Fantasy, Fighting, Horror, Mythology, Wargame",212
"Adventure, Fantasy, Fighting, Novel-based, Territory Building, Wargame",213
"Adventure, Exploration, Mature / Adult, Modern Warfare, Video Game Theme",214
"Animals, Card Game, Educational, Environmental",215
"Abstract Strategy, Animals",216
"Miniatures, Wargame, World War II",217
"Economic, Expansion for Base-game, Farming",218
"Dice, Puzzle",219
"Civil War, Pike and Shot, Wargame",220
"Post-Napoleonic, Puzzle",221
"Bluffing, Negotiation, Science Fiction, Space Exploration",222
"Dice, Science Fiction, Space Exploration",223
"Card Game, Economic",224
"Adventure, Dice, Expansion for Base-game, Fantasy, Fighting, Medieval, Mythology",225
"Bluffing, Card Game, Deduction, Fantasy, Medieval, Negotiation, Party Game, Spies / Secret Agents",226
"Horror, Miniatures, Movies / TV / Radio theme",227
"Trains, Transportation, Video Game Theme",228
"Card Game, Exploration, Prehistoric",229
"Card Game, Fighting, Movies / TV / Radio theme, Science Fiction",230
"Bluffing, Fantasy, Negotiation, Novel-based, Political, Wargame",231
"Abstract Strategy, Puzzle",232
Abstract Strategy,233
"Expansion for Base-game, Animals, Fantasy, Wargame",234
"Expansion for Base-game, Card Game, Fantasy, Horror, Novel-based",235
"City Building, Economic, Industry / Manufacturing, Medieval, Religious, Territory Building",236
"Medieval, Territory Building",237
"Ancient, City Building, Civilization, Economic, Territory Building",238
"Deduction, Fighting, Modern Warfare, Nautical, Real-time",239
"Ancient, Wargame",240
"City Building, Economic",241
"Expansion for Base-game, Civilization, Fighting, Science Fiction, Space Exploration",242
"Economic, Farming, Medieval",243
"Adventure, Electronic, Fantasy, Fighting",244
"Ancient, Fantasy, Fighting, Miniatures, Mythology",245
"Expansion for Base-game, Medieval, Religious, Travel",246
"Bluffing, Deduction, Horror, Science Fiction, Zombies",247
"Card Game, Fantasy, Science Fiction",248
"Card Game, Fantasy, Mythology",249
"Card Game, Dice, Medieval",250
"Wargame, World War I",251
"Dice, Renaissance",252
"Dice, Science Fiction",253
"Action / Dexterity, Real-time",254
"Animals, Expansion for Base-game, Wargame",255
"Animals, Puzzle",256
"Ancient, City Building, Civilization, Fighting, Miniatures, Mythology, Nautical",257
"Bluffing, Card Game, Deduction, Humor, Party Game, Political, Print & Play, Spies / Secret Agents",258
"Animals, Economic, Science Fiction",259
"Animals, Arabian, Dice, Racing",260
"Card Game, Deduction, Spies / Secret Agents, Word Game",261
"Expansion for Base-game, Adventure, Dice, Exploration, Science Fiction, Space Exploration",262
"Card Game, Comic Book / Strip",263
"Card Game, Economic, Fantasy",264
"Card Game, Fantasy, Fighting, Mythology, Novel-based",265
"Bluffing, Deduction, Murder / Mystery, Party Game",266
"Card Game, Party Game",267
"Deduction, Murder / Mystery",268
"Adventure, Fantasy, Fighting, Horror, Medieval, Miniatures, Zombies",269
"Abstract Strategy, Medieval",270
"Economic, Territory Building",271
"City Building, Renaissance",272
"Dice, Fantasy, Medieval",273
"Ancient, Card Game, City Building, Economic",274
"Expansion for Base-game, Dice, Movies / TV / Radio theme, Science Fiction",275
"Animals, Economic, Farming, Industry / Manufacturing, Post-Napoleonic",276
"Adventure, American West, Miniatures",277
"Card Game, Fantasy, Fighting",278
"Animals, Card Game, City Building, Expansion for Base-game, Fantasy",279
"Civilization, Territory Building",280
"Abstract Strategy, Ancient, Mythology",281
"Economic, Farming, Nautical, Renaissance",282
"Economic, Trains, Transportation",283
"Age of Reason, Economic, Industry / Manufacturing",284
"Card Game, City Building, Economic, Industry / Manufacturing, Napoleonic, Video Game Theme",285
"Party Game, Word Game",286
"Economic, Medieval, Territory Building",287
"Real-time, Science Fiction, Space Exploration, Transportation",288
"Environmental, Exploration, Nautical",289
"Animals, Environmental, Expansion for Base-game, Travel",290
"Economic, Expansion for Base-game, Transportation",291
"Card Game, Humor, Mature / Adult, Party Game, Print & Play",292
"Ancient, Civilization, Economic, Expansion for Base-game, Farming, Mythology",293
"Fighting, Science Fiction",294
"Fantasy, Mythology",295
"Comic Book / Strip, Deduction, Spies / Secret Agents",296
"Political, Wargame",297
"Ancient, Fighting, Miniatures, Mythology, Wargame",298
"Adventure, Prehistoric, Territory Building",299
"Card Game, Economic, Industry / Manufacturing",300
"Card Game, Nautical, Pirates",301
"Bluffing, Card Game, Expansion for Base-game, Negotiation, Science Fiction, Space Exploration",302
"Dice, Expansion for Base-game, Fantasy",303
"Age of Reason, American West, Exploration",304
"Dice, Fighting, Miniatures, Racing",305
"Animals, Card Game, Nautical",306
"Card Game, Comic Book / Strip, Fighting, Miniatures",307
Dice,308
"Arabian, Expansion for Base-game, Fantasy, Mythology",309
"Adventure, Deduction, Murder / Mystery",310
"Economic, Fantasy, Negotiation, Political, Territory Building, Wargame",311
"Ancient, Card Game",312
"Bluffing, Deduction, Expansion for Base-game, Movies / TV / Radio theme, Political, Science Fiction, Space Exploration, Spies / Secret Agents",313
"Animals, Science Fiction",314
"Age of Reason, Economic",315
Deduction,316
"Adventure, Exploration, Fantasy, Nautical, Pirates, Travel",317
"Deduction, Math, Spies / Secret Agents",318
"Card Game, Dice, Fantasy, Fighting",319
"Adventure, Puzzle, Science Fiction",320
"Fantasy, Fighting, Horror, Miniatures",321
"Card Game, Humor, Party Game",322
"Expansion for Base-game, Medieval, Negotiation",323
"Expansion for Base-game, Adventure, Fantasy, Fighting, Horror, Novel-based",324
"Humor, Party Game, Real-time",325
"Dice, Racing, Sports",326
"Card Game, Deduction, Renaissance",327
"Adventure, Fighting, Horror, Novel-based",328
"Adventure, Fantasy, Fighting, Miniatures, Novel-based, Travel, Video Game Theme",329
"Ancient, Card Game, Civilization",330
"Civilization, Dice, Economic, Environmental, Industry / Manufacturing",331
"Card Game, Exploration, Math",332
"Adventure, Expansion for Base-game, Fighting, Horror, Novel-based, Science Fiction",333
"Economic, Industry / Manufacturing, Transportation",334
"Expansion for Base-game, Animals, Card Game, City Building, Fantasy",335
"Economic, Nautical, Political",336
"Economic, Exploration, Nautical, Renaissance",337
"City Building, Medieval, Territory Building",338
"Expansion for Base-game, Medieval, Nautical",339
"Animals, Fantasy, Humor",340
"Exploration, Fantasy, Fighting, Video Game Theme",341
"Electronic, Real-time, Science Fiction, Space Exploration",342
"Civilization, Economic, Industry / Manufacturing, Transportation",343
"Adventure, Expansion for Base-game, Fantasy",344
"Animals, Card Game",345
"Civilization, Exploration, Renaissance, Video Game Theme",346
"Arabian, Exploration, Medieval",347
"Medieval, Political, Wargame",348
"Adventure, Animals, Bluffing, Nautical",349
"City Building, Environmental, Puzzle, Territory Building, Video Game Theme",350
"Expansion for Base-game, Bluffing, Card Game, Deduction, Humor, Party Game",351
"Ancient, Card Game, City Building, Civilization",352
"Expansion for Base-game, Adventure, Exploration, Fantasy, Fighting, Horror, Miniatures, Murder / Mystery, Puzzle",353
"Adventure, Ancient, Exploration, Territory Building",354
"City Building, Economic, Industry / Manufacturing, Medieval",355
"Adventure, Exploration, Nautical, Novel-based, Science Fiction, Travel, Wargame",356
"Expansion for Base-game, Adventure, Exploration, Fantasy, Fighting, Horror, Miniatures, Murder / Mystery, Novel-based, Puzzle",357
"Card Game, Economic, Medieval",358
"Fantasy, Negotiation, Political",359
"Animals, Medieval, Territory Building",360
"Adventure, Deduction, Fighting, Horror, Novel-based",361
"Card Game, City Building, Economic, Renaissance",362
"Expansion for Base-game, Civilization, Dice, Economic, Science Fiction, Space Exploration",363
"Dice, Print & Play, Science Fiction, Space Exploration",364
"City Building, Economic, Negotiation",365
"Economic, Nautical",366
"Card Game, Deduction, Humor, Movies / TV / Radio theme, Murder / Mystery",367
"Adventure, Exploration, Fantasy, Fighting, Medieval, Miniatures",368
"Card Game, City Building, Civilization, Expansion for Base-game, Industry / Manufacturing, Nautical, Science Fiction",369
"Abstract Strategy, Puzzle, Video Game Theme",370
"Expansion for Base-game, Economic, Educational, Environmental, Industry / Manufacturing, Science Fiction",371
"Adventure, Exploration, Fantasy, Fighting, Miniatures, Wargame",372
"Deduction, Puzzle, Real-time",373
"Fantasy, Fighting, Territory Building",374
Ancient,375
"Adventure, Exploration, Fantasy, Nautical",376
"Exploration, Maze, Spies / Secret Agents",377
"Card Game, Civilization",378
"Fantasy, Puzzle",379
"Adventure, City Building, Economic, Exploration, Fantasy, Farming, Negotiation",380
"Adventure, Fighting, Nautical, Pike and Shot, Pirates, Transportation",381
"Collectible Components, Fighting, Puzzle, Science Fiction",382
"Pike and Shot, Religious, Renaissance",383
"Bluffing, Deduction, Horror, Mature / Adult, Science Fiction, Zombies",384
"Card Game, Number",385
"Card Game, Economic, Industry / Manufacturing, Post-Napoleonic",386
"Economic, Negotiation, Real-time, Science Fiction, Space Exploration",387
"Card Game, Comic Book / Strip, Fighting",388
"City Building, Civilization, Economic, Environmental, Medieval",389
"City Building, Civilization, Exploration, Negotiation, Video Game Theme",390
"Bluffing, Deduction, Murder / Mystery, Post-Napoleonic",391
"Card Game, Science Fiction",392
"City Building, Economic, Exploration, Science Fiction, Video Game Theme",393
"Economic, Fantasy, Fighting, Humor",394
Exploration,395
"Exploration, Pirates, Territory Building",396
"Ancient, Dice, Mythology",397
"City Building, Environmental, Science Fiction, Territory Building",398
"Card Game, Fantasy, Movies / TV / Radio theme, Novel-based",399
"Fantasy, Miniatures, Wargame",400
"Animals, Card Game, Print & Play, World War II",401
"Animals, Environmental, Farming, Territory Building",402
"Card Game, Fantasy, Mythology, Nautical, Science Fiction",403
"Deduction, Horror, Murder / Mystery, Party Game",404
"Card Game, City Building, Economic",405
"Fantasy, Fighting, Horror, Mythology",406
"Animals, Farming",407
"Bluffing, Card Game, Deduction, Negotiation, Party Game, Print & Play, Science Fiction, Spies / Secret Agents",408
"Card Game, Fantasy, Fighting, Sports",409
"Expansion for Base-game, Card Game, Fantasy",410
"Collectible Components, Miniatures, Movies / TV / Radio theme, Science Fiction, Wargame",411
"Ancient, Miniatures, Mythology, Territory Building",412
"Card Game, City Building, Economic, Science Fiction",413
"Dice, Miniatures, Movies / TV / Radio theme, Novel-based, Science Fiction, Wargame",414
"Ancient, Political, Wargame",415
"Economic, Renaissance",416
"Economic, Medieval, Novel-based, Religious",417
"Economic, Mafia, Movies / TV / Radio theme",418
"Age of Reason, Travel",419
"City Building, Dice, Expansion for Base-game, Fantasy, Medieval",420
"Animals, Party Game, Racing, Real-time, Sports",421
"Age of Reason, Card Game, City Building, Economic",422
"Expansion for Base-game, Adventure, Dice, Fantasy, Miniatures, Novel-based, Territory Building, Wargame",423
"Ancient, City Building, Territory Building",424
"Medieval, Travel",425
"Medical, Post-Napoleonic",426
"Dice, Fighting, Movies / TV / Radio theme, Science Fiction",427
"Expansion for Base-game, Card Game, Medieval",428
"Adventure, Fantasy, Fighting, Miniatures",429
"Bluffing, Card Game, Party Game",430
"Ancient, Dice, Fantasy, Mythology",431
"Aviation / Flight, Economic, Transportation",432
"American West, Civilization, Economic, Exploration, Farming, Industry / Manufacturing, Territory Building",433
"Card Game, City Building",434
"Abstract Strategy, Animals, City Building, Puzzle",435
"Trains, Transportation",436
"Economic, Medieval",437
"Dice, Racing",438
"Economic, Negotiation, Political",439
"Expansion for Base-game, Adventure, Exploration, Movies / TV / Radio theme, Science Fiction, Space Exploration",440
"Card Game, Deduction, Party Game, Spies / Secret Agents",441
"Age of Reason, American Revolutionary War, Wargame",442
"Economic, Expansion for Base-game, Industry / Manufacturing",443
"Ancient, Dice, Fighting, Miniatures, Movies / TV / Radio theme, Negotiation",444
"Adventure, Exploration, Movies / TV / Radio theme, Science Fiction, Space Exploration, Travel",445
"Card Game, Medieval, Religious",446
"Ancient, Civilization, Economic, Negotiation",447
"Economic, Fantasy, Territory Building",448
"Animals, Card Game, Educational, Environmental, Prehistoric, Print & Play",449
"Ancient, Card Game, Miniatures, Mythology, Wargame",450
"Negotiation, Pike and Shot, Political, Religious, Renaissance, Wargame",451
"Game System, Science Fiction, Space Exploration",452
Party Game,453
"Adventure, Expansion for Base-game, Mature / Adult, Puzzle, Science Fiction",454
"Civilization, Farming",455
"Card Game, Real-time",456
"Animals, Card Game, Fantasy, Print & Play",457
"Card Game, City Building, Territory Building",458
"Fighting, Miniatures, Science Fiction, Wargame",459
"Deduction, Murder / Mystery, Novel-based, Post-Napoleonic, Puzzle, Spies / Secret Agents",460
"Civilization, Dice, Economic, Exploration, Science Fiction",461
"Expansion for Base-game, Fantasy, Miniatures, Mythology, Wargame",462
"Fantasy, Industry / Manufacturing",463
Adventure,464
"Napoleonic, Wargame",465
"Ancient, City Building, Civilization, Economic, Exploration, Territory Building",466
"Dice, Nautical",467
"Economic, Expansion for Base-game, Exploration, Fighting, Territory Building",468
"City Building, Dice, Fantasy, Medieval",469
"Expansion for Base-game, Racing, Sports",470
"Action / Dexterity, Children's Game, Party Game, Racing, Sports",471
"Fantasy, Pirates",472
"Fighting, Horror, Miniatures, Science Fiction, Zombies",473
"Card Game, Fantasy, Fighting, Horror, Mythology, Novel-based",474
"Adventure, Animals, Exploration, Fantasy, Fighting, Miniatures",475
"Spies / Secret Agents, World War II",476
"Adventure, Bluffing, Deduction, Fantasy, Movies / TV / Radio theme, Novel-based",477
"Expansion for Base-game, Card Game, Civilization, Economic",478
"Abstract Strategy, Card Game",479
"Bluffing, Card Game, Deduction, Fantasy, Miniatures, Nautical, Party Game, Pirates",480
"Adventure, Exploration, Fantasy, Fighting, Horror, Miniatures",481
"Bluffing, Fighting, Negotiation, Novel-based, Political, Science Fiction",482
"Horror, Novel-based",483
"Card Game, Travel",484
"Aviation / Flight, Economic, Industry / Manufacturing, World War II",485
"Adventure, Fantasy, Fighting, Miniatures, Science Fiction",486
"Ancient, Civilization, Economic, Expansion for Base-game, Negotiation",487
"Fantasy, Horror, Wargame, Zombies",488
"Adventure, Educational",489
"Adventure, Bluffing, Card Game, Deduction, Fantasy",490
"Ancient, Territory Building",491
"Expansion for Base-game, Real-time, Science Fiction, Space Exploration, Transportation",492
"Expansion for Base-game, Fantasy, Fighting, Territory Building",493
"Card Game, Farming, Negotiation",494
"Bluffing, Card Game, City Building, Medieval",495
"American West, Fighting, Trains",496
"City Building, Environmental",497
"Age of Reason, American Indian Wars, Card Game, Territory Building, Wargame",498
Transportation,499
"Bluffing, Fantasy, Miniatures, Renaissance",500
"Children's Game, Fighting, Horror, Zombies",501
"City Building, Civilization",502
"Card Game, Dice, Industry / Manufacturing",503
"Ancient, Card Game, City Building, Civilization, Exploration, Nautical",504
"Civil War, Modern Warfare, Political, Vietnam War, Wargame",505
"Adventure, Animals, Exploration, Fantasy, Miniatures",506
"Bluffing, Card Game, City Building, Deduction, Fantasy, Medieval",507
"Abstract Strategy, Animals, Arabian",508
"Adventure, Bluffing, Deduction, Fantasy, Medieval, Mythology",509
"Expansion for Base-game, Fantasy, Mythology, Territory Building",510
"Adventure, Card Game, Fighting, Novel-based, Pirates, Print & Play",511
"Abstract Strategy, Card Game, Puzzle",512
"City Building, Dice, Economic, Negotiation",513
"Deduction, Murder / Mystery, Puzzle, Real-time",514
"Card Game, Deduction, Memory",515
"Action / Dexterity, Party Game",516
"Nautical, Renaissance",517
"Fantasy, Medieval, Miniatures, Wargame",518
"Adventure, Exploration, Horror, Miniatures",519
"Card Game, Fantasy, Nautical",520
"Dice, Environmental, Medical",521
"Bluffing, Card Game, Humor, Medieval, Negotiation, Novel-based, Party Game",522
"Age of Reason, Environmental, Fantasy, Fighting, Mythology, Renaissance, Territory Building",523
"Adventure, Fantasy, Science Fiction",524
"Card Game, Comic Book / Strip, Dice, Fighting, Movies / TV / Radio theme",525
"Adventure, Expansion for Base-game, Fantasy, Medieval, Puzzle, Science Fiction",526
"Civilization, Mythology",527
"Adventure, Exploration, Fantasy, Fighting, Horror, Miniatures, Murder / Mystery, Puzzle",528
"Economic, Expansion for Base-game",529
"Fantasy, Fighting, Miniatures, Sports",530
"Adventure, Ancient, Civilization, Dice, Exploration, Fantasy, Fighting, Medieval, Miniatures, Mythology, Nautical, Science Fiction, Travel",531
"Animals, Card Game, Educational, Environmental, Prehistoric",532
"Expansion for Base-game, Mythology, Territory Building",533
"Post-Napoleonic, Transportation",534
"Economic, Negotiation",535
"Science Fiction, Wargame",536
"Ancient, Transportation",537
"Expansion for Base-game, Exploration, Nautical, Negotiation",538
"City Building, Medieval",539
"Card Game, Comic Book / Strip, Economic",540
"Animals, Fighting, Science Fiction",541
"Expansion for Base-game, Card Game, Collectible Components, Comic Book / Strip",542
"Dice, Trains",543
"Fantasy, Political",544
"Expansion for Base-game, Wargame, World War II",545
"Adventure, American West, Exploration, Fantasy, Fighting, Horror, Miniatures",546
"City Building, Trains",547
"Card Game, Economic, Nautical, Pirates",548
"Economic, Miniatures, Science Fiction",549
"Arabian, Modern Warfare, Political, Wargame",550
"Bluffing, Deduction, Fantasy, Horror, Novel-based",551
"Economic, Environmental, Expansion for Base-game, Industry / Manufacturing, Science Fiction, Space Exploration, Territory Building",552
"Arabian, Medieval",553
"Adventure, Exploration, Fantasy, Miniatures",554
"Adventure, Card Game, Fantasy, Novel-based",555
"Animals, Dice, Science Fiction",556
"Card Game, Civilization, Economic, Expansion for Base-game, Science Fiction, Space Exploration",557
"Economic, Trains",558
Music,559
"American Civil War, Economic, Educational, Political",560
"Collectible Components, Expansion for Base-game, Fantasy, Fighting, Miniatures, Sports",561
"Economic, Exploration",562
"Card Game, Deduction",563
"Card Game, World War I",564
"Maze, Miniatures, Racing, Science Fiction",565
"Bluffing, Card Game, City Building, Deduction, Fantasy, Novel-based",566
"Card Game, Pirates",567
"Expansion for Base-game, Horror",568
"Action / Dexterity, Adventure, Aviation / Flight, Dice, Humor, Real-time, Science Fiction, Space Exploration, Transportation",569
"Nautical, Pirates, Racing",570
"Aviation / Flight, Economic",571
"Card Game, Dice, Fantasy",572
"Card Game, Trains",573
"Ancient, Card Game, Mythology",574
"Card Game, Economic, Humor",575
"Exploration, Puzzle",576
"Adventure, Fantasy, Fighting, Puzzle",577
"City Building, Economic, Expansion for Base-game",578
"Card Game, Economic, Educational, Environmental",579
"Expansion for Base-game, Post-Napoleonic",580
"Card Game, Music, Party Game, Print & Play, Trivia",581
"Civilization, Economic, Exploration, Nautical, Negotiation, Renaissance",582
"Ancient, Civilization, Dice, Fantasy, Mythology, Prehistoric, Science Fiction",583
"Bluffing, Card Game, Deduction, Horror, Party Game",584
"Economic, Medieval, Nautical, Territory Building",585
Murder / Mystery,586
"Card Game, Puzzle",587
"Bluffing, Civilization, Exploration, Science Fiction, Space Exploration, Wargame",588
"Adventure, Arabian, Exploration, Fantasy, Travel",589
"Bluffing, Political",590
"Civilization, Miniatures, Science Fiction, Space Exploration, Territory Building, Video Game Theme, Wargame",591
"Dice, Economic, Farming, Nautical",592
"Humor, Movies / TV / Radio theme, Party Game",593
"Prehistoric, Territory Building",594
"Animals, Prehistoric, Science Fiction",595
"Card Game, Science Fiction, Sports",596
"Card Game, Comic Book / Strip, Expansion for Base-game",597
"Card Game, Expansion for Base-game, Fantasy, Fighting, Miniatures, Mythology, Wargame",598
"Card Game, Fantasy, Fighting, Game System",599
"City Building, Expansion for Base-game, Medieval",600
"Exploration, Fighting, Science Fiction, Wargame",601
"Expansion for Base-game, Farming, Medieval",602
"Economic, Expansion for Base-game, Science Fiction",603
"Adventure, Dice, Exploration, Fantasy",604
"Fantasy, Medieval, Puzzle, Territory Building",605
"Animals, Card Game, Fantasy, Fighting, Movies / TV / Radio theme",606
"Adventure, Card Game, Fantasy, Fighting",607
"Civilization, Exploration, Miniatures, Movies / TV / Radio theme, Negotiation, Science Fiction, Space Exploration, Territory Building, Wargame",608
"Ancient, Negotiation",609
"Card Game, Number, Party Game",610
"Card Game, Civil War, Economic, Political, Post-Napoleonic",611
"Expansion for Base-game, Fantasy, Fighting, Horror",612
"Fantasy, Horror",613
"Card Game, Exploration, Puzzle, Real-time",614
Animals,615
"Ancient, City Building, Religious",616
"Economic, Negotiation, Political, Territory Building, Wargame, World War II",617
"Deduction, Spies / Secret Agents",618
"Ancient, Farming",619
"Adventure, Deduction, Exploration",620
"City Building, Civilization, Economic, Industry / Manufacturing, Transportation",621
"Fighting, Puzzle, Real-time, Science Fiction",622
"Fighting, Miniatures, Real-time, Science Fiction",623
"Nautical, Science Fiction",624
"Environmental, Science Fiction",625
"Bluffing, Card Game, Deduction, Party Game, Political",626
"Arabian, City Building, Medieval",627
"Exploration, Nautical",628
"Card Game, Print & Play, Word Game",629
"Adventure, Dice, Exploration, Fantasy, Video Game Theme",630
Civilization,631
"Economic, Modern Warfare, Political, Wargame",632
"Adventure, Card Game, Dice, Expansion for Base-game, Fantasy, Fighting, Horror, Novel-based",633
"Age of Reason, Civilization, Fighting, Political, Territory Building",634
"Expansion for Base-game, Card Game",635
"Expansion for Base-game, Adventure, Fantasy, Fighting, Novel-based",636
"Ancient, City Building, Expansion for Base-game, Fighting, Mythology",637
"Dice, Farming",638
"Bluffing, Exploration, Nautical, Pirates, Renaissance",639
"Bluffing, Deduction, Memory, Murder / Mystery, Post-Napoleonic",640
"Adventure, Animals, Humor, Space Exploration",641
"Ancient, Exploration, Travel",642
"Adventure, Fantasy, Fighting, Miniatures, Novel-based, Wargame",643
"American West, City Building, Economic",644
"Fighting, Horror, Miniatures, Zombies",645
"Card Game, Industry / Manufacturing",646
"Civilization, Economic, Exploration, Industry / Manufacturing, Science Fiction, Space Exploration",647
"Fantasy, Novel-based, Renaissance",648
"Economic, Environmental, Expansion for Base-game, Industry / Manufacturing",649
"Fighting, Miniatures, Science Fiction, Video Game Theme",650
"Ancient, Civilization, Economic, Territory Building",651
"Card Game, Farming, Medieval",652
"Ancient, Civilization, Territory Building",653
"Medieval, Wargame",654
"Bluffing, Deduction, Party Game",655
"Adventure, Fantasy, Fighting, Miniatures, Novel-based",656
"Dice, Fighting, Science Fiction, Space Exploration",657
"Card Game, Medieval, Territory Building",658
"Bluffing, Card Game, Collectible Components, Fantasy, Fighting, Negotiation, Novel-based, Political",659
"Animals, Card Game, Environmental, Fantasy, Mythology, Territory Building",660
"Humor, Party Game",661
"Movies / TV / Radio theme, Science Fiction",662
"Card Game, Collectible Components, Dice, Fighting, Movies / TV / Radio theme, Science Fiction",663
"Expansion for Base-game, Industry / Manufacturing, Trains",664
"Negotiation, Post-Napoleonic",665
"Card Game, Collectible Components, Science Fiction",666
"Ancient, Civilization, Economic, Mythology, Wargame",667
"Abstract Strategy, Territory Building",668
"Economic, Farming, Territory Building",669
"Civilization, Expansion for Base-game, Exploration, Negotiation, Video Game Theme",670
"Abstract Strategy, Economic",671
"Animals, Environmental, Expansion for Base-game, Farming",672
"Card Game, Fantasy, Movies / TV / Radio theme, Mythology",673
"Collectible Components, Fantasy, Fighting, Miniatures, Sports",674
"Dice, Expansion for Base-game, Puzzle",675
"Exploration, Fantasy, Maze, Real-time",676
"Adventure, Bluffing, Card Game, Deduction, Fantasy, Movies / TV / Radio theme, Novel-based",677
"Adventure, Card Game, Dice, Fantasy, Fighting, Horror, Novel-based",678
"Adventure, Ancient, Expansion for Base-game, Fantasy",679
"Card Game, Environmental, Puzzle",680
"Adventure, Exploration, Fantasy, Fighting, Horror, Miniatures, Video Game Theme",681
"Adventure, Deduction, Medieval, Murder / Mystery",682
"Civilization, Exploration",683
"Arabian, City Building, Economic, Medieval",684
"Political, Science Fiction",685
"Card Game, Territory Building, Trains, Transportation",686
"Bluffing, Expansion for Base-game, Fantasy, Miniatures, Mythology, Negotiation, Wargame",687
"Expansion for Base-game, Deduction, Murder / Mystery",688
"Adventure, Economic, Fantasy, Medieval",689
"Exploration, Nautical, Pirates",690
"Adventure, Card Game, Exploration, Fantasy",691
"Ancient, Negotiation, Political, Wargame",692
"Political, Wargame, World War II",693
"Dice, Economic, Farming",694
"Adventure, Exploration, Horror, Maze",695
"Educational, Pike and Shot, Religious, Renaissance",696
"Card Game, Fantasy, Movies / TV / Radio theme",697
"Card Game, Exploration, Novel-based, Puzzle, Real-time",698
"Aviation / Flight, Collectible Components, Miniatures, Movies / TV / Radio theme, Science Fiction, Wargame",699
"Expansion for Base-game, Card Game, Dice, Fantasy, Fighting",700
"Action / Dexterity, Adventure, Dice, Electronic, Exploration, Real-time",701
"Ancient, Mythology, Nautical",702
"Nautical, Trains",703
"Economic, Exploration, Fantasy, Horror",704
Industry / Manufacturing,705
"City Building, Economic, Fantasy",706
"Bluffing, Deduction, Exploration, Novel-based, Pirates",707
"Abstract Strategy, City Building, Territory Building",708
"Card Game, Economic, Horror, Post-Napoleonic",709
"Expansion for Base-game, Civilization",710
Travel,711
Mythology,712
"City Building, Negotiation",713
"Card Game, Deduction, Fantasy, Math, Number, Print & Play",714
"Card Game, Comic Book / Strip, Deduction",715
"Card Game, Exploration, Fantasy",716
"Ancient, Civil War, Wargame",717
"Print & Play, Spies / Secret Agents, World War II",718
