Jacob Fryxelius,0
Gavan Brown,1
Stefan Feld,2
Rob Daviau,3
Mathias Wigge,4
Isaac Childres,5
Dane Beltrami,6
Paul Dennen,7
Roberto Di Meglio,8
Corey Konieczka,9
R. Eric Reuss,10
Jens Drögemüller,11
Ananda Gupta,12
Vlaada Chvátil,13
Jamey Stegmaier,14
Alexander Pfister,15
Touko Tahkokallio,16
Antoine Bauza,17
Martin Wallace,18
Elwen,19
Ryan Lopez DeVinaspre,20
Adam Kwapiński,21
Andy Clautice,22
Uwe Rosenberg,23
Mac Gerdts,24
Elizabeth Hargrave,25
Nate French,26
Cole Wehrle,27
Josh J. Carlson,28
Reiner Stockhausen,29
Tommaso Battista,30
Luc Rémond,31
Donald X. Vaccarino,32
Thomas Sing,33
James A. Wilson,34
Chris Dupuis,35
Asger Harding Granerud,36
Michael Boggs,37
(Uncredited),38
Jeroen Doumen,39
Vital Lacerda,40
Vladimír Suchý,41
Vangelis Bagiartakis,42
Andreas Seyfarth,43
Randy Flynn,44
Dávid Turczi,45
Gary Dworetsky,46
Eric M. Lang,47
Jamie Jolly,48
Patrick Leder,49
Ryan Laukat,50
Helge Ostertag,51
Dan Hallagan,52
Matt Leacock,53
Gernot Köpke,54
Virginio Gigli,55
Nikki Valens,56
Simone Luciani,57
Friedemann Friese,58
Tomáš Holek,59
Wolfgang Warsch,60
Juma Al-JouJou,61
S J Macdonald,62
Justin Kemppainen,63
Richard Garfield,64
Chris Cantrell,65
Adam Poots,66
Thomas Lehmann,67
Michael Kiesling,68
Bruno Cathala,69
Andreas Steding,70
Johan Benvenuto,71
Isra C.,72
Helge Meissner,73
Jenny Iglesias,74
Peter Lee,75
Wolfgang Kramer,76
Daniele Tascini,77
Kei Kajino (梶野 桂),78
Dennis K. Chan,79
Steven Medway,80
Chad Jensen,81
Matthew O'Malley,82
Joanna Kijanka,83
Evan Derrick,84
Alan R. Moon,85
Thomas Dagenais-Lespérance,86
Marc André,87
Christian Martinez,88
Richard Amann,89
Nigel Buckle,90
Xavier Georges,91
Krzysztof Piskorski,92
Reiner Knizia,93
Luke Laurie,94
Sebastian Bleasdale,95
Shem Phillips,96
William Attia,97
Sébastien Dujardin,98
Flaminia Brasini,99
Nathan I. Hajek,100
Christian T. Petersen,101
John Bohrer,102
Helmut Ohley,103
Tim Eisner,104
Connie Vogelmann,105
Ludovic Roudy,106
Hisashi Hayashi,107
Jesús Torres Castro,108
Samuel Bailey,109
Andrzej Betkiewicz,110
Ole Steiness,111
Henry Audubon,112
Inka Brand,113
Wei-Hwa Huang,114
Bobby Hill,115
Andreas Steiger,116
Jordy Adan,117
Robert Dougherty,118
Frank West,119
Matúš Kotry,120
Matthias Cramer,121
Frédéric Guérard,122
Adam Carlson,123
Trevor Benjamin,124
Klaus-Jürgen Wrede,125
Ryan Lambert,126
Bernd Brunnhofer,127
Jacques Bariot,128
Raymond Edwards,129
Sydney Engelstein,130
Carl de Visser,131
Rüdiger Dorn,132
Ben Cichoski,133
Jay Little,134
Devin Low,135
Cody Miller,136
Daniel Piechnick,137
Sébastien Pauchon,138
Benoit Turpin,139
Maxime Tardif,140
Alexis Allard,141
Bill Eberle,142
Michał Oracz,143
Kosch,144
John Yianni,145
Richard Borg,146
Klemens Kalicki,147
Daniel Clark (I),148
Adrian Adamescu,149
Matt Calkins,150
Ted Alspach,151
John D. Clair,152
Don Eskridge,153
Prospero Hall,154
Glenn Drover,155
Peter Rustemeyer,156
Caleb Grace,157
Nick Brachmann,158
Christian Marcussen,159
Roberto Fraga,160
Tim Burrell-Saward,161
Jonathan Gilmour-Long,162
Urs Hostettler,163
Serge Laget,164
Ted Raicer,165
Kris Burm,166
Tomáš Uhlíř,167
Mikkel Bertelsen,168
Rustan Håkansson,169
Kevin Russ,170
Mike Boxleiter,171
Steffen Bogen,172
Michael Keller (II),173
Ira Fay,174
Bruce Glassco,175
Emerson Matsuuchi,176
Kota Nakayama (中山 宏太),177
Tobey Ho,178
Phil Walker-Harding,179
Johannes Sich,180
Raphaël Guiton,181
Andreas Pelikan,182
Keith Matejka,183
Ed Carter (III),184
Hervé Lemaître,185
Gord!,186
Bruce Shelley,187
François Romain,188
Dirk Henn,189
Mattox Shuler,190
Kai Starck,191
Alex Hague,192
Johannes Goupy,193
Germán P. Millán,194
Jay Cormier,195
Christian Leonhard,196
Stan Kordonskiy,197
Jakub Łapot,198
Dave Beck,199
Brent Beck,200
Kevin Wilson,201
Cédrick Chaboussit,202
Dave Chalker,203
Andrea Chiarvesio,204
David Cicurel,205
Hal Duncan,206
Mr. Bistro,207
Fabien Gridel,208
Paolo Mori,209
Nate Chatellier,210
Peggy Chassenet,211
Sandy Petersen,212
Jean-Louis Roubira,213
Régis Bonnessée,214
Klaus Teuber,215
Chris Handy (I),216
Seiji Kanai,217
Thiago Aranha,218
Łukasz Woźniak,219
Tom Jolly,220
Shimpei Sato,221
Richard Launius,222
Stefan Dorra,223
Colby Dauch,224
Sid Sackson,225
Muneyuki Yokouchi (横内宗幸),226
Peer Sylvester,227
Julian Courtland-Smith,228
Michael Palm,229
Ignacy Trzewiczek,230
Kara Centell-Dunk,231
Chris Taylor (I),232
Hjalmar Hach,233
Frank Brooks,234
Scott Almes,235
Karsten Hartwig,236
Ron Gonzalo García,237
Michał Gołąb Gołębiowski,238
Michal Mikeš,239
Tory Niemann,240
Manny Vega,241
Philippe Keyaerts,242
Matthew Dunstan,243
Tim Fowers,244
Carl Chudyk,245
Kasper Aagaard,246
Phil Eklund,247
Skaff Elias,248
Dan Cassar,249
Ivan Lashin,250
TauCeti Deichmann,251
Gabriele Mari,252
Sean Fletcher,253
Jon Perry,254
Oleksandr Nevskiy,255
Luís Brueh,256
Eric Hong,257
James Kniffen,258
Marco Maggi,259
Mark Simonitch,260
Michael Rieneck,261
Jules Messaud,262
Bryan Pope,263
Laskas,264
Paul Salomon,265
Koota Yamada,266
Hervé Marly,267
Peter McPherson,268
Karl-Heinz Schmiel,269
Tony Fanchi,270
Etienne Espreman,271
Aaron Dill,272
Steve Finn,273
Francis Tresham,274
Kamil 'Sanex' Cieśla,275
Dominic Crapuchettes,276
Benoit Vogt,277
Ed Beach,278
Tom Mattson,279
Simone Romano,280
Nicolas Normandon,281
Kristian Amundsen Østby,282
D. Brad Talton Jr.,283
Unai Rubio,284
Wilhelm Su,285
Steven Aramini,286
Wolfgang Panning,287
Richard Halliwell,288
Suzanne Goldberg,289
Ross Arnold,290
Kevin Lanzing,291
Brett Sobol,292
Nuno Bizarro Sentieiro,293
Maxime Rambourg,294
Alex Olteanu,295
Mike Elliott,296
Jean du Poël,297
Noah Cohen,298
Jerry Hawthorne,299
Philip duBarry,300
Maikel Cheney,301
Croc,302
Josh Wood,303
Brandon Tibbetts,304
Stephen Baker,305
Lauren Banerd,306
Hermann Luttmann,307
Charlie Bink,308
Don Greenwood,309
Kasper Kjær Christiansen,310
Zé Mendes,311
Thorsten Gimmler,312
Bruno Faidutti,313
Clayton Helme,314
Christophe Raimbault,315
François Gandon,316
Ryan Courtney,317
Marco Montanaro,318
Annick Lobet,319
Benjamin Schwer,320
Joseph Z Chen,321
Ondřej Bystroň,322
Mark Herman,323
Molly Johnson,324
Jeff Chin,325
James Ernest,326
Stefano Castelli,327
Ivan Tuzovsky,328
Sérgio Halaban,329
Jason Hager,330
Manuel Rozoy,331
Viktor Kobilke,332
Jervis Johnson,333
Marcin Wełnicki,334
Nick Bentley,335
Gavin Birnbaum,336
Thomas Dupont,337
Trey Chambers,338
Jason C. Hill,339
Tido Lorenz,340
Paul Abrahams,341
Volko Ruhnke,342
宮野 華也 (Kaya Miyano),343
Grégory Grard,344
Bryan Bornmueller,345
Beau Beckett,346
Brian Lewis,347
Ben Pinchback,348
Gerard Ascensi,349
Brian Mayer,350
Lukas Litzsinger,351
Fabien Riffaud,352
Malcolm Braff,353
Isaias Vallejo,354
Michael Menzel,355
Joshua Buergel,356
Marcus Carleson,357
Christophe Boelinger,358
Galen Ciscell,359
Alice Carroll,360
Jim Krohn,361
Anthony J. Gallela,362
Christopher Badell,363
Michael Adams,364
Mike Fitzgerald,365
Dani Garcia,366
Seth Jaffee,367
Charlie Catino,368
Mike Selinker,369
Matt Eklund,370
James Hata,371
T. C. Petty III,372
Mathieu Casnin,373
Clay Blankenship,374
Roberta Taylor,375
Craig Besinque,376
Acchittocca,377
Bruce Allen,378
Joshua Van Laningham,379
Konstantinos Kokkinis,380
Rikki Tahta,381
Ian Brody,382
Jo Hartwig,383
Andreas Odendahl,384
Gary Arant,385
Tim Puls,386
Jeff Grossman,387
Robert Vaughn,388
Michael Schacht,389
Peter Hawes,390
Gabriele Ausiello,391
Peter Prinz,392
Tom Dalgliesh,393
Jun Sasaki,394
Laurent Lavaur,395
Frédéric Henry,396
Eric Zimmerman,397
Aske Christiansen,398
Peter Sarrett,399
Alexandar Ortloff-Tang,400
Jim Cartwright,401
Sir John Suckling,402
Marcel-André Casasola Merkle,403
Aaron Donogh,404
James M. Hewitt,405
Kasper Lapp,406
Fabio Lopiano,407
Dimitri Perrier,408
Grant Rodiek,409
Yasutaka Ikeda,410
Mark K. Swanson,411
Ralph Bienert,412
Richard Berthold,413
Tim Pinder,414
Tony Boydell,415
Aristide Bruyant,416
Hervé Rigal,417
Alex Davy,418
John Fiorillo,419
Scott Caputo,420
Aurélien Picolet,421
Marc Paquien,422
Nicolas Robert,423
John H. Butterfield,424
Isaac Vega,425
Klaus Zoch,426
Kevin Bishop,427
Jamie Bloom,428
Shadi Torbey,429
Stefan Risthaus,430
Jake Staines,431
