C:\Users\thoma\Downloads\bgg1toolu\img\247030.jpg,0
C:\Users\thoma\Downloads\bgg1toolu\img\224517.jpg,1
C:\Users\thoma\Downloads\bgg1toolu\img\363622.jpg,2
C:\Users\thoma\Downloads\bgg1toolu\img\161936.png,3
C:\Users\thoma\Downloads\bgg1toolu\img\342942.jpg,4
C:\Users\thoma\Downloads\bgg1toolu\img\174430.jpg,5
C:\Users\thoma\Downloads\bgg1toolu\img\233078.jpg,6
C:\Users\thoma\Downloads\bgg1toolu\img\316554.jpg,7
C:\Users\thoma\Downloads\bgg1toolu\img\167791.jpg,8
C:\Users\thoma\Downloads\bgg1toolu\img\115746.jpg,9
C:\Users\thoma\Downloads\bgg1toolu\img\187645.jpg,10
C:\Users\thoma\Downloads\bgg1toolu\img\262722.jpg,11
C:\Users\thoma\Downloads\bgg1toolu\img\162886.jpg,12
C:\Users\thoma\Downloads\bgg1toolu\img\291457.jpg,13
C:\Users\thoma\Downloads\bgg1toolu\img\397598.jpg,14
C:\Users\thoma\Downloads\bgg1toolu\img\220308.png,15
C:\Users\thoma\Downloads\bgg1toolu\img\193065.jpg,16
C:\Users\thoma\Downloads\bgg1toolu\img\342031.jpg,17
C:\Users\thoma\Downloads\bgg1toolu\img\012333.jpg,18
C:\Users\thoma\Downloads\bgg1toolu\img\182028.jpg,19
C:\Users\thoma\Downloads\bgg1toolu\img\084876.jpg,20
C:\Users\thoma\Downloads\bgg1toolu\img\202174.jpg,21
C:\Users\thoma\Downloads\bgg1toolu\img\193738.jpg,22
C:\Users\thoma\Downloads\bgg1toolu\img\169786.jpg,23
C:\Users\thoma\Downloads\bgg1toolu\img\246900.jpg,24
C:\Users\thoma\Downloads\bgg1toolu\img\271320.jpg,25
C:\Users\thoma\Downloads\bgg1toolu\img\173346.jpg,26
C:\Users\thoma\Downloads\bgg1toolu\img\028720.jpg,27
C:\Users\thoma\Downloads\bgg1toolu\img\248562.jpg,28
C:\Users\thoma\Downloads\bgg1toolu\img\341254.png,29
C:\Users\thoma\Downloads\bgg1toolu\img\242277.jpg,30
C:\Users\thoma\Downloads\bgg1toolu\img\167355.png,31
C:\Users\thoma\Downloads\bgg1toolu\img\295770.png,32
C:\Users\thoma\Downloads\bgg1toolu\img\266507.png,33
C:\Users\thoma\Downloads\bgg1toolu\img\177736.png,34
C:\Users\thoma\Downloads\bgg1toolu\img\124361.jpg,35
C:\Users\thoma\Downloads\bgg1toolu\img\290448.jpg,36
C:\Users\thoma\Downloads\bgg1toolu\img\300580.png,37
C:\Users\thoma\Downloads\bgg1toolu\img\341169.jpg,38
C:\Users\thoma\Downloads\bgg1toolu\img\205637.jpg,39
C:\Users\thoma\Downloads\bgg1toolu\img\312484.jpg,40
C:\Users\thoma\Downloads\bgg1toolu\img\237182.jpg,41
C:\Users\thoma\Downloads\bgg1toolu\img\368966.jpg,42
C:\Users\thoma\Downloads\bgg1toolu\img\192135.png,43
C:\Users\thoma\Downloads\bgg1toolu\img\120677.jpg,44
C:\Users\thoma\Downloads\bgg1toolu\img\266192.jpg,45
C:\Users\thoma\Downloads\bgg1toolu\img\218127.jpg,46
C:\Users\thoma\Downloads\bgg1toolu\img\164928.jpg,47
C:\Users\thoma\Downloads\bgg1toolu\img\096848.jpg,48
C:\Users\thoma\Downloads\bgg1toolu\img\251247.png,49
C:\Users\thoma\Downloads\bgg1toolu\img\373106.jpg,50
C:\Users\thoma\Downloads\bgg1toolu\img\066690.jpg,51
C:\Users\thoma\Downloads\bgg1toolu\img\324856.jpg,52
C:\Users\thoma\Downloads\bgg1toolu\img\199792.png,53
C:\Users\thoma\Downloads\bgg1toolu\img\183394.jpg,54
C:\Users\thoma\Downloads\bgg1toolu\img\421006.jpg,55
C:\Users\thoma\Downloads\bgg1toolu\img\134342.jpg,56
C:\Users\thoma\Downloads\bgg1toolu\img\366013.png,57
C:\Users\thoma\Downloads\bgg1toolu\img\285774.jpg,58
C:\Users\thoma\Downloads\bgg1toolu\img\199727.jpg,59
C:\Users\thoma\Downloads\bgg1toolu\img\000521.jpg,60
C:\Users\thoma\Downloads\bgg1toolu\img\175914.png,61
C:\Users\thoma\Downloads\bgg1toolu\img\284378.jpg,62
C:\Users\thoma\Downloads\bgg1toolu\img\256960.png,63
C:\Users\thoma\Downloads\bgg1toolu\img\247763.png,64
C:\Users\thoma\Downloads\bgg1toolu\img\321608.jpg,65
C:\Users\thoma\Downloads\bgg1toolu\img\003076.jpg,66
C:\Users\thoma\Downloads\bgg1toolu\img\295947.jpg,67
C:\Users\thoma\Downloads\bgg1toolu\img\253344.jpg,68
C:\Users\thoma\Downloads\bgg1toolu\img\314040.jpg,69
C:\Users\thoma\Downloads\bgg1toolu\img\241386.jpg,70
C:\Users\thoma\Downloads\bgg1toolu\img\102794.jpg,71
C:\Users\thoma\Downloads\bgg1toolu\img\185343.jpg,72
C:\Users\thoma\Downloads\bgg1toolu\img\226840.jpg,73
C:\Users\thoma\Downloads\bgg1toolu\img\184267.jpg,74
C:\Users\thoma\Downloads\bgg1toolu\img\338960.png,75
C:\Users\thoma\Downloads\bgg1toolu\img\170216.jpg,76
C:\Users\thoma\Downloads\bgg1toolu\img\031260.jpg,77
C:\Users\thoma\Downloads\bgg1toolu\img\251661.jpg,78
C:\Users\thoma\Downloads\bgg1toolu\img\272637.jpg,79
C:\Users\thoma\Downloads\bgg1toolu\img\255984.png,80
C:\Users\thoma\Downloads\bgg1toolu\img\161533.jpg,81
C:\Users\thoma\Downloads\bgg1toolu\img\221107.jpg,82
C:\Users\thoma\Downloads\bgg1toolu\img\383179.jpg,83
C:\Users\thoma\Downloads\bgg1toolu\img\231733.png,84
C:\Users\thoma\Downloads\bgg1toolu\img\040849.jpg,85
C:\Users\thoma\Downloads\bgg1toolu\img\216788.jpg,86
C:\Users\thoma\Downloads\bgg1toolu\img\182874.jpg,87
C:\Users\thoma\Downloads\bgg1toolu\img\205059.jpg,88
C:\Users\thoma\Downloads\bgg1toolu\img\126163.jpg,89
C:\Users\thoma\Downloads\bgg1toolu\img\002651.jpg,90
C:\Users\thoma\Downloads\bgg1toolu\img\418059.jpg,91
C:\Users\thoma\Downloads\bgg1toolu\img\244521.png,92
C:\Users\thoma\Downloads\bgg1toolu\img\216132.png,93
C:\Users\thoma\Downloads\bgg1toolu\img\035677.jpg,94
C:\Users\thoma\Downloads\bgg1toolu\img\276025.jpg,95
C:\Users\thoma\Downloads\bgg1toolu\img\266810.png,96
C:\Users\thoma\Downloads\bgg1toolu\img\051811.jpg,97
C:\Users\thoma\Downloads\bgg1toolu\img\125153.png,98
C:\Users\thoma\Downloads\bgg1toolu\img\365717.jpg,99
C:\Users\thoma\Downloads\bgg1toolu\img\164153.jpg,100
C:\Users\thoma\Downloads\bgg1toolu\img\124742.jpg,101
C:\Users\thoma\Downloads\bgg1toolu\img\209010.jpg,102
C:\Users\thoma\Downloads\bgg1toolu\img\200680.jpg,103
C:\Users\thoma\Downloads\bgg1toolu\img\284083.jpg,104
C:\Users\thoma\Downloads\bgg1toolu\img\055690.jpg,105
C:\Users\thoma\Downloads\bgg1toolu\img\202976.png,106
C:\Users\thoma\Downloads\bgg1toolu\img\028143.jpg,107
C:\Users\thoma\Downloads\bgg1toolu\img\230802.png,108
C:\Users\thoma\Downloads\bgg1toolu\img\157354.jpg,109
C:\Users\thoma\Downloads\bgg1toolu\img\286749.jpg,110
C:\Users\thoma\Downloads\bgg1toolu\img\414317.png,111
C:\Users\thoma\Downloads\bgg1toolu\img\371942.jpg,112
C:\Users\thoma\Downloads\bgg1toolu\img\201808.jpg,113
C:\Users\thoma\Downloads\bgg1toolu\img\034499.jpg,114
C:\Users\thoma\Downloads\bgg1toolu\img\390092.png,115
C:\Users\thoma\Downloads\bgg1toolu\img\072125.jpg,116
C:\Users\thoma\Downloads\bgg1toolu\img\159675.png,117
C:\Users\thoma\Downloads\bgg1toolu\img\332772.jpg,118
C:\Users\thoma\Downloads\bgg1toolu\img\191189.jpg,119
C:\Users\thoma\Downloads\bgg1toolu\img\322289.png,120
C:\Users\thoma\Downloads\bgg1toolu\img\110327.jpg,121
C:\Users\thoma\Downloads\bgg1toolu\img\000093.jpg,122
C:\Users\thoma\Downloads\bgg1toolu\img\366161.jpg,123
C:\Users\thoma\Downloads\bgg1toolu\img\229853.jpg,124
C:\Users\thoma\Downloads\bgg1toolu\img\380607.png,125
C:\Users\thoma\Downloads\bgg1toolu\img\291453.png,126
C:\Users\thoma\Downloads\bgg1toolu\img\317985.jpg,127
C:\Users\thoma\Downloads\bgg1toolu\img\256916.jpg,128
C:\Users\thoma\Downloads\bgg1toolu\img\025613.jpg,129
C:\Users\thoma\Downloads\bgg1toolu\img\240980.jpg,130
C:\Users\thoma\Downloads\bgg1toolu\img\062219.jpg,131
C:\Users\thoma\Downloads\bgg1toolu\img\279537.jpg,132
C:\Users\thoma\Downloads\bgg1toolu\img\068448.jpg,133
C:\Users\thoma\Downloads\bgg1toolu\img\121921.jpg,134
C:\Users\thoma\Downloads\bgg1toolu\img\171623.png,135
C:\Users\thoma\Downloads\bgg1toolu\img\277659.jpg,136
C:\Users\thoma\Downloads\bgg1toolu\img\024439.gif,137
C:\Users\thoma\Downloads\bgg1toolu\img\225694.jpg,138
C:\Users\thoma\Downloads\bgg1toolu\img\364073.jpg,139
C:\Users\thoma\Downloads\bgg1toolu\img\155821.jpg,140
C:\Users\thoma\Downloads\bgg1toolu\img\163068.png,141
C:\Users\thoma\Downloads\bgg1toolu\img\337627.jpg,142
C:\Users\thoma\Downloads\bgg1toolu\img\037111.jpg,143
C:\Users\thoma\Downloads\bgg1toolu\img\130704.jpg,144
C:\Users\thoma\Downloads\bgg1toolu\img\310873.jpg,145
C:\Users\thoma\Downloads\bgg1toolu\img\236457.png,146
C:\Users\thoma\Downloads\bgg1toolu\img\154842.jpg,147
C:\Users\thoma\Downloads\bgg1toolu\img\264220.jpg,148
C:\Users\thoma\Downloads\bgg1toolu\img\217372.jpg,149
C:\Users\thoma\Downloads\bgg1toolu\img\022821.jpg,150
C:\Users\thoma\Downloads\bgg1toolu\img\271055.jpg,151
C:\Users\thoma\Downloads\bgg1toolu\img\122515.jpg,152
C:\Users\thoma\Downloads\bgg1toolu\img\170042.jpg,153
C:\Users\thoma\Downloads\bgg1toolu\img\000042.jpg,154
C:\Users\thoma\Downloads\bgg1toolu\img\040834.jpg,155
C:\Users\thoma\Downloads\bgg1toolu\img\108687.jpg,156
C:\Users\thoma\Downloads\bgg1toolu\img\018602.jpg,157
C:\Users\thoma\Downloads\bgg1toolu\img\359871.png,158
C:\Users\thoma\Downloads\bgg1toolu\img\000012.png,159
C:\Users\thoma\Downloads\bgg1toolu\img\073439.jpg,160
C:\Users\thoma\Downloads\bgg1toolu\img\203993.jpg,161
C:\Users\thoma\Downloads\bgg1toolu\img\146021.jpg,162
C:\Users\thoma\Downloads\bgg1toolu\img\310100.jpg,163
C:\Users\thoma\Downloads\bgg1toolu\img\172386.jpg,164
C:\Users\thoma\Downloads\bgg1toolu\img\269385.jpg,165
C:\Users\thoma\Downloads\bgg1toolu\img\255681.jpg,166
C:\Users\thoma\Downloads\bgg1toolu\img\163412.jpg,167
C:\Users\thoma\Downloads\bgg1toolu\img\012493.jpg,168
C:\Users\thoma\Downloads\bgg1toolu\img\004098.png,169
C:\Users\thoma\Downloads\bgg1toolu\img\092539.jpg,170
C:\Users\thoma\Downloads\bgg1toolu\img\036218.jpg,171
C:\Users\thoma\Downloads\bgg1toolu\img\102680.png,172
C:\Users\thoma\Downloads\bgg1toolu\img\332398.png,173
C:\Users\thoma\Downloads\bgg1toolu\img\144733.jpg,174
C:\Users\thoma\Downloads\bgg1toolu\img\218417.jpg,175
C:\Users\thoma\Downloads\bgg1toolu\img\315895.png,176
C:\Users\thoma\Downloads\bgg1toolu\img\043015.jpg,177
C:\Users\thoma\Downloads\bgg1toolu\img\227935.jpg,178
C:\Users\thoma\Downloads\bgg1toolu\img\205896.jpg,179
C:\Users\thoma\Downloads\bgg1toolu\img\410201.png,180
C:\Users\thoma\Downloads\bgg1toolu\img\180263.jpg,181
C:\Users\thoma\Downloads\bgg1toolu\img\175640.jpg,182
C:\Users\thoma\Downloads\bgg1toolu\img\367466.png,183
C:\Users\thoma\Downloads\bgg1toolu\img\196340.png,184
C:\Users\thoma\Downloads\bgg1toolu\img\198928.jpg,185
C:\Users\thoma\Downloads\bgg1toolu\img\233371.jpg,186
C:\Users\thoma\Downloads\bgg1toolu\img\175155.jpg,187
C:\Users\thoma\Downloads\bgg1toolu\img\325494.jpg,188
C:\Users\thoma\Downloads\bgg1toolu\img\178900.jpg,189
C:\Users\thoma\Downloads\bgg1toolu\img\254640.jpg,190
C:\Users\thoma\Downloads\bgg1toolu\img\172287.jpg,191
C:\Users\thoma\Downloads\bgg1toolu\img\266524.jpg,192
C:\Users\thoma\Downloads\bgg1toolu\img\220877.jpg,193
C:\Users\thoma\Downloads\bgg1toolu\img\132531.jpg,194
C:\Users\thoma\Downloads\bgg1toolu\img\030549.jpg,195
C:\Users\thoma\Downloads\bgg1toolu\img\304783.png,196
C:\Users\thoma\Downloads\bgg1toolu\img\396790.jpg,197
C:\Users\thoma\Downloads\bgg1toolu\img\118048.jpg,198
C:\Users\thoma\Downloads\bgg1toolu\img\161317.jpg,199
C:\Users\thoma\Downloads\bgg1toolu\img\189932.jpg,200
C:\Users\thoma\Downloads\bgg1toolu\img\263918.png,201
C:\Users\thoma\Downloads\bgg1toolu\img\147020.jpg,202
C:\Users\thoma\Downloads\bgg1toolu\img\000463.jpg,203
C:\Users\thoma\Downloads\bgg1toolu\img\262712.jpg,204
C:\Users\thoma\Downloads\bgg1toolu\img\160069.jpg,205
C:\Users\thoma\Downloads\bgg1toolu\img\281259.jpg,206
C:\Users\thoma\Downloads\bgg1toolu\img\161970.png,207
C:\Users\thoma\Downloads\bgg1toolu\img\274364.jpg,208
C:\Users\thoma\Downloads\bgg1toolu\img\271324.jpg,209
C:\Users\thoma\Downloads\bgg1toolu\img\014996.jpg,210
C:\Users\thoma\Downloads\bgg1toolu\img\235802.jpg,211
C:\Users\thoma\Downloads\bgg1toolu\img\268864.jpg,212
C:\Users\thoma\Downloads\bgg1toolu\img\002993.jpg,213
C:\Users\thoma\Downloads\bgg1toolu\img\258779.jpg,214
C:\Users\thoma\Downloads\bgg1toolu\img\077423.jpg,215
C:\Users\thoma\Downloads\bgg1toolu\img\359609.jpg,216
C:\Users\thoma\Downloads\bgg1toolu\img\034635.jpg,217
C:\Users\thoma\Downloads\bgg1toolu\img\308765.png,218
C:\Users\thoma\Downloads\bgg1toolu\img\127023.jpg,219
C:\Users\thoma\Downloads\bgg1toolu\img\249259.png,220
C:\Users\thoma\Downloads\bgg1toolu\img\209418.jpg,221
C:\Users\thoma\Downloads\bgg1toolu\img\002511.jpg,222
C:\Users\thoma\Downloads\bgg1toolu\img\328871.jpg,223
C:\Users\thoma\Downloads\bgg1toolu\img\233398.jpg,224
C:\Users\thoma\Downloads\bgg1toolu\img\148949.jpg,225
C:\Users\thoma\Downloads\bgg1toolu\img\146652.jpg,226
C:\Users\thoma\Downloads\bgg1toolu\img\296151.png,227
C:\Users\thoma\Downloads\bgg1toolu\img\265188.jpg,228
C:\Users\thoma\Downloads\bgg1toolu\img\283948.jpg,229
C:\Users\thoma\Downloads\bgg1toolu\img\294484.jpg,230
C:\Users\thoma\Downloads\bgg1toolu\img\111661.jpg,231
C:\Users\thoma\Downloads\bgg1toolu\img\103885.jpg,232
C:\Users\thoma\Downloads\bgg1toolu\img\244522.jpg,233
C:\Users\thoma\Downloads\bgg1toolu\img\137762.jpg,234
C:\Users\thoma\Downloads\bgg1toolu\img\082222.png,235
C:\Users\thoma\Downloads\bgg1toolu\img\329082.png,236
C:\Users\thoma\Downloads\bgg1toolu\img\269259.png,237
C:\Users\thoma\Downloads\bgg1toolu\img\054043.jpg,238
C:\Users\thoma\Downloads\bgg1toolu\img\245744.jpg,239
C:\Users\thoma\Downloads\bgg1toolu\img\233867.jpg,240
C:\Users\thoma\Downloads\bgg1toolu\img\350184.jpg,241
C:\Users\thoma\Downloads\bgg1toolu\img\181084.jpg,242
C:\Users\thoma\Downloads\bgg1toolu\img\339789.png,243
C:\Users\thoma\Downloads\bgg1toolu\img\271896.jpg,244
C:\Users\thoma\Downloads\bgg1toolu\img\283355.jpg,245
C:\Users\thoma\Downloads\bgg1toolu\img\043111.jpg,246
C:\Users\thoma\Downloads\bgg1toolu\img\009609.jpg,247
C:\Users\thoma\Downloads\bgg1toolu\img\188920.jpg,248
C:\Users\thoma\Downloads\bgg1toolu\img\391163.jpg,249
C:\Users\thoma\Downloads\bgg1toolu\img\364011.png,250
C:\Users\thoma\Downloads\bgg1toolu\img\154597.jpg,251
C:\Users\thoma\Downloads\bgg1toolu\img\010630.jpg,252
C:\Users\thoma\Downloads\bgg1toolu\img\314491.jpg,253
C:\Users\thoma\Downloads\bgg1toolu\img\227224.jpg,254
C:\Users\thoma\Downloads\bgg1toolu\img\104162.jpg,255
C:\Users\thoma\Downloads\bgg1toolu\img\005405.jpg,256
C:\Users\thoma\Downloads\bgg1toolu\img\043018.jpg,257
C:\Users\thoma\Downloads\bgg1toolu\img\199561.jpg,258
C:\Users\thoma\Downloads\bgg1toolu\img\316377.jpg,259
C:\Users\thoma\Downloads\bgg1toolu\img\025021.jpg,260
C:\Users\thoma\Downloads\bgg1toolu\img\155426.jpg,261
C:\Users\thoma\Downloads\bgg1toolu\img\039463.jpg,262
C:\Users\thoma\Downloads\bgg1toolu\img\242302.jpg,263
C:\Users\thoma\Downloads\bgg1toolu\img\000118.png,264
C:\Users\thoma\Downloads\bgg1toolu\img\219788.jpg,265
C:\Users\thoma\Downloads\bgg1toolu\img\128882.jpg,266
C:\Users\thoma\Downloads\bgg1toolu\img\282524.jpg,267
C:\Users\thoma\Downloads\bgg1toolu\img\017133.jpg,268
C:\Users\thoma\Downloads\bgg1toolu\img\300531.jpg,269
C:\Users\thoma\Downloads\bgg1toolu\img\374173.png,270
C:\Users\thoma\Downloads\bgg1toolu\img\103343.jpg,271
C:\Users\thoma\Downloads\bgg1toolu\img\287954.jpg,272
C:\Users\thoma\Downloads\bgg1toolu\img\000188.jpg,273
C:\Users\thoma\Downloads\bgg1toolu\img\330149.jpg,274
C:\Users\thoma\Downloads\bgg1toolu\img\208545.jpg,275
C:\Users\thoma\Downloads\bgg1toolu\img\125403.jpg,276
C:\Users\thoma\Downloads\bgg1toolu\img\031627.png,277
C:\Users\thoma\Downloads\bgg1toolu\img\070149.jpg,278
C:\Users\thoma\Downloads\bgg1toolu\img\000822.png,279
C:\Users\thoma\Downloads\bgg1toolu\img\299659.jpg,280
C:\Users\thoma\Downloads\bgg1toolu\img\171131.jpg,281
C:\Users\thoma\Downloads\bgg1toolu\img\014105.jpg,282
C:\Users\thoma\Downloads\bgg1toolu\img\123260.png,283
C:\Users\thoma\Downloads\bgg1toolu\img\148228.png,284
C:\Users\thoma\Downloads\bgg1toolu\img\125898.jpg,285
C:\Users\thoma\Downloads\bgg1toolu\img\104006.jpg,286
C:\Users\thoma\Downloads\bgg1toolu\img\256680.jpg,287
C:\Users\thoma\Downloads\bgg1toolu\img\285967.jpg,288
C:\Users\thoma\Downloads\bgg1toolu\img\204814.jpg,289
C:\Users\thoma\Downloads\bgg1toolu\img\332686.jpg,290
C:\Users\thoma\Downloads\bgg1toolu\img\150376.jpg,291
C:\Users\thoma\Downloads\bgg1toolu\img\182078.jpg,292
C:\Users\thoma\Downloads\bgg1toolu\img\000215.png,293
C:\Users\thoma\Downloads\bgg1toolu\img\241451.jpg,294
C:\Users\thoma\Downloads\bgg1toolu\img\293014.jpg,295
C:\Users\thoma\Downloads\bgg1toolu\img\269207.jpg,296
C:\Users\thoma\Downloads\bgg1toolu\img\182631.jpg,297
C:\Users\thoma\Downloads\bgg1toolu\img\000091.jpg,298
C:\Users\thoma\Downloads\bgg1toolu\img\104557.jpg,299
C:\Users\thoma\Downloads\bgg1toolu\img\007854.png,300
C:\Users\thoma\Downloads\bgg1toolu\img\009209.jpg,301
C:\Users\thoma\Downloads\bgg1toolu\img\245638.jpg,302
C:\Users\thoma\Downloads\bgg1toolu\img\306735.jpg,303
C:\Users\thoma\Downloads\bgg1toolu\img\165722.png,304
C:\Users\thoma\Downloads\bgg1toolu\img\272638.png,305
C:\Users\thoma\Downloads\bgg1toolu\img\126042.png,306
C:\Users\thoma\Downloads\bgg1toolu\img\295486.jpg,307
C:\Users\thoma\Downloads\bgg1toolu\img\255668.png,308
C:\Users\thoma\Downloads\bgg1toolu\img\195421.jpg,309
C:\Users\thoma\Downloads\bgg1toolu\img\283155.jpg,310
C:\Users\thoma\Downloads\bgg1toolu\img\054998.jpg,311
C:\Users\thoma\Downloads\bgg1toolu\img\188834.jpg,312
C:\Users\thoma\Downloads\bgg1toolu\img\021050.jpg,313
C:\Users\thoma\Downloads\bgg1toolu\img\040210.jpg,314
C:\Users\thoma\Downloads\bgg1toolu\img\221194.png,315
C:\Users\thoma\Downloads\bgg1toolu\img\260605.jpg,316
C:\Users\thoma\Downloads\bgg1toolu\img\146886.jpg,317
C:\Users\thoma\Downloads\bgg1toolu\img\224037.jpg,318
C:\Users\thoma\Downloads\bgg1toolu\img\199329.jpg,319
C:\Users\thoma\Downloads\bgg1toolu\img\223040.jpg,320
C:\Users\thoma\Downloads\bgg1toolu\img\309116.jpg,321
C:\Users\thoma\Downloads\bgg1toolu\img\129437.jpg,322
C:\Users\thoma\Downloads\bgg1toolu\img\232832.jpg,323
C:\Users\thoma\Downloads\bgg1toolu\img\158600.png,324
C:\Users\thoma\Downloads\bgg1toolu\img\274637.jpg,325
C:\Users\thoma\Downloads\bgg1toolu\img\156129.jpg,326
C:\Users\thoma\Downloads\bgg1toolu\img\192291.jpg,327
C:\Users\thoma\Downloads\bgg1toolu\img\318977.jpg,328
C:\Users\thoma\Downloads\bgg1toolu\img\176189.jpg,329
C:\Users\thoma\Downloads\bgg1toolu\img\000003.jpg,330
C:\Users\thoma\Downloads\bgg1toolu\img\176494.jpg,331
C:\Users\thoma\Downloads\bgg1toolu\img\199478.jpg,332
C:\Users\thoma\Downloads\bgg1toolu\img\000555.jpg,333
C:\Users\thoma\Downloads\bgg1toolu\img\169426.jpg,334
C:\Users\thoma\Downloads\bgg1toolu\img\019857.png,335
C:\Users\thoma\Downloads\bgg1toolu\img\127067.jpg,336
C:\Users\thoma\Downloads\bgg1toolu\img\300322.jpg,337
C:\Users\thoma\Downloads\bgg1toolu\img\232405.png,338
C:\Users\thoma\Downloads\bgg1toolu\img\329841.png,339
C:\Users\thoma\Downloads\bgg1toolu\img\228341.jpg,340
C:\Users\thoma\Downloads\bgg1toolu\img\198994.png,341
C:\Users\thoma\Downloads\bgg1toolu\img\289056.jpg,342
C:\Users\thoma\Downloads\bgg1toolu\img\109276.jpg,343
C:\Users\thoma\Downloads\bgg1toolu\img\286096.jpg,344
C:\Users\thoma\Downloads\bgg1toolu\img\194655.png,345
C:\Users\thoma\Downloads\bgg1toolu\img\009216.jpg,346
C:\Users\thoma\Downloads\bgg1toolu\img\000421.jpg,347
C:\Users\thoma\Downloads\bgg1toolu\img\296100.jpg,348
C:\Users\thoma\Downloads\bgg1toolu\img\311193.jpg,349
C:\Users\thoma\Downloads\bgg1toolu\img\183682.jpg,350
C:\Users\thoma\Downloads\bgg1toolu\img\329839.png,351
C:\Users\thoma\Downloads\bgg1toolu\img\020551.jpg,352
C:\Users\thoma\Downloads\bgg1toolu\img\031481.jpg,353
C:\Users\thoma\Downloads\bgg1toolu\img\367966.jpg,354
C:\Users\thoma\Downloads\bgg1toolu\img\298729.jpg,355
C:\Users\thoma\Downloads\bgg1toolu\img\223555.jpg,356
C:\Users\thoma\Downloads\bgg1toolu\img\156546.png,357
C:\Users\thoma\Downloads\bgg1toolu\img\143065.png,358
C:\Users\thoma\Downloads\bgg1toolu\img\385761.png,359
C:\Users\thoma\Downloads\bgg1toolu\img\358661.jpg,360
C:\Users\thoma\Downloads\bgg1toolu\img\128621.jpg,361
C:\Users\thoma\Downloads\bgg1toolu\img\323612.jpg,362
C:\Users\thoma\Downloads\bgg1toolu\img\284653.jpg,363
C:\Users\thoma\Downloads\bgg1toolu\img\027708.jpg,364
C:\Users\thoma\Downloads\bgg1toolu\img\297562.jpg,365
C:\Users\thoma\Downloads\bgg1toolu\img\305096.jpg,366
C:\Users\thoma\Downloads\bgg1toolu\img\223321.jpg,367
C:\Users\thoma\Downloads\bgg1toolu\img\351913.jpg,368
C:\Users\thoma\Downloads\bgg1toolu\img\295895.png,369
C:\Users\thoma\Downloads\bgg1toolu\img\150145.jpg,370
C:\Users\thoma\Downloads\bgg1toolu\img\061001.jpg,371
C:\Users\thoma\Downloads\bgg1toolu\img\213360.jpg,372
C:\Users\thoma\Downloads\bgg1toolu\img\140620.jpg,373
C:\Users\thoma\Downloads\bgg1toolu\img\342070.png,374
C:\Users\thoma\Downloads\bgg1toolu\img\329591.jpg,375
C:\Users\thoma\Downloads\bgg1toolu\img\367220.jpg,376
C:\Users\thoma\Downloads\bgg1toolu\img\298047.jpg,377
C:\Users\thoma\Downloads\bgg1toolu\img\127060.jpg,378
C:\Users\thoma\Downloads\bgg1toolu\img\176677.jpg,379
C:\Users\thoma\Downloads\bgg1toolu\img\239188.jpg,380
C:\Users\thoma\Downloads\bgg1toolu\img\291572.jpg,381
C:\Users\thoma\Downloads\bgg1toolu\img\204583.png,382
C:\Users\thoma\Downloads\bgg1toolu\img\230253.png,383
C:\Users\thoma\Downloads\bgg1toolu\img\000760.jpg,384
C:\Users\thoma\Downloads\bgg1toolu\img\270633.jpg,385
C:\Users\thoma\Downloads\bgg1toolu\img\027833.jpg,386
C:\Users\thoma\Downloads\bgg1toolu\img\043539.jpg,387
C:\Users\thoma\Downloads\bgg1toolu\img\400314.png,388
C:\Users\thoma\Downloads\bgg1toolu\img\144344.jpg,389
C:\Users\thoma\Downloads\bgg1toolu\img\002655.jpg,390
C:\Users\thoma\Downloads\bgg1toolu\img\246784.jpg,391
C:\Users\thoma\Downloads\bgg1toolu\img\284189.jpg,392
C:\Users\thoma\Downloads\bgg1toolu\img\302723.jpg,393
C:\Users\thoma\Downloads\bgg1toolu\img\356123.png,394
C:\Users\thoma\Downloads\bgg1toolu\img\206718.png,395
C:\Users\thoma\Downloads\bgg1toolu\img\244271.jpg,396
C:\Users\thoma\Downloads\bgg1toolu\img\146508.png,397
C:\Users\thoma\Downloads\bgg1toolu\img\139976.jpg,398
C:\Users\thoma\Downloads\bgg1toolu\img\092828.jpg,399
C:\Users\thoma\Downloads\bgg1toolu\img\108745.jpg,400
C:\Users\thoma\Downloads\bgg1toolu\img\000926.jpg,401
C:\Users\thoma\Downloads\bgg1toolu\img\177182.jpg,402
C:\Users\thoma\Downloads\bgg1toolu\img\046213.jpg,403
C:\Users\thoma\Downloads\bgg1toolu\img\295374.jpg,404
C:\Users\thoma\Downloads\bgg1toolu\img\106645.jpg,405
C:\Users\thoma\Downloads\bgg1toolu\img\277085.png,406
C:\Users\thoma\Downloads\bgg1toolu\img\155068.jpg,407
C:\Users\thoma\Downloads\bgg1toolu\img\257499.jpg,408
C:\Users\thoma\Downloads\bgg1toolu\img\331106.jpg,409
C:\Users\thoma\Downloads\bgg1toolu\img\318184.jpg,410
C:\Users\thoma\Downloads\bgg1toolu\img\176734.jpg,411
C:\Users\thoma\Downloads\bgg1toolu\img\160477.jpg,412
C:\Users\thoma\Downloads\bgg1toolu\img\000050.jpg,413
C:\Users\thoma\Downloads\bgg1toolu\img\021059.jpg,414
C:\Users\thoma\Downloads\bgg1toolu\img\019777.jpg,415
C:\Users\thoma\Downloads\bgg1toolu\img\289057.png,416
C:\Users\thoma\Downloads\bgg1toolu\img\024181.jpg,417
C:\Users\thoma\Downloads\bgg1toolu\img\066589.jpg,418
C:\Users\thoma\Downloads\bgg1toolu\img\251219.png,419
C:\Users\thoma\Downloads\bgg1toolu\img\230914.png,420
C:\Users\thoma\Downloads\bgg1toolu\img\210163.png,421
C:\Users\thoma\Downloads\bgg1toolu\img\000172.jpg,422
C:\Users\thoma\Downloads\bgg1toolu\img\097207.jpg,423
C:\Users\thoma\Downloads\bgg1toolu\img\262211.jpg,424
C:\Users\thoma\Downloads\bgg1toolu\img\332800.jpg,425
C:\Users\thoma\Downloads\bgg1toolu\img\038453.jpg,426
C:\Users\thoma\Downloads\bgg1toolu\img\111341.jpg,427
C:\Users\thoma\Downloads\bgg1toolu\img\218103.jpg,428
C:\Users\thoma\Downloads\bgg1toolu\img\000005.jpg,429
C:\Users\thoma\Downloads\bgg1toolu\img\171908.jpg,430
C:\Users\thoma\Downloads\bgg1toolu\img\345972.jpg,431
C:\Users\thoma\Downloads\bgg1toolu\img\022545.jpg,432
C:\Users\thoma\Downloads\bgg1toolu\img\155873.jpg,433
C:\Users\thoma\Downloads\bgg1toolu\img\129622.jpg,434
C:\Users\thoma\Downloads\bgg1toolu\img\137136.jpg,435
C:\Users\thoma\Downloads\bgg1toolu\img\350316.jpg,436
C:\Users\thoma\Downloads\bgg1toolu\img\319966.jpg,437
C:\Users\thoma\Downloads\bgg1toolu\img\002653.png,438
C:\Users\thoma\Downloads\bgg1toolu\img\370591.jpg,439
C:\Users\thoma\Downloads\bgg1toolu\img\055660.jpg,440
C:\Users\thoma\Downloads\bgg1toolu\img\154203.jpg,441
C:\Users\thoma\Downloads\bgg1toolu\img\210674.jpg,442
C:\Users\thoma\Downloads\bgg1toolu\img\000054.jpg,443
C:\Users\thoma\Downloads\bgg1toolu\img\143693.jpg,444
C:\Users\thoma\Downloads\bgg1toolu\img\187617.jpg,445
C:\Users\thoma\Downloads\bgg1toolu\img\164167.jpg,446
C:\Users\thoma\Downloads\bgg1toolu\img\229987.jpg,447
C:\Users\thoma\Downloads\bgg1toolu\img\209685.jpg,448
C:\Users\thoma\Downloads\bgg1toolu\img\245655.jpg,449
C:\Users\thoma\Downloads\bgg1toolu\img\184921.jpg,450
C:\Users\thoma\Downloads\bgg1toolu\img\181279.jpg,451
C:\Users\thoma\Downloads\bgg1toolu\img\085905.jpg,452
C:\Users\thoma\Downloads\bgg1toolu\img\136888.jpg,453
C:\Users\thoma\Downloads\bgg1toolu\img\227789.jpg,454
C:\Users\thoma\Downloads\bgg1toolu\img\054138.jpg,455
C:\Users\thoma\Downloads\bgg1toolu\img\175754.jpg,456
C:\Users\thoma\Downloads\bgg1toolu\img\163967.jpg,457
C:\Users\thoma\Downloads\bgg1toolu\img\000047.jpg,458
C:\Users\thoma\Downloads\bgg1toolu\img\093260.jpg,459
C:\Users\thoma\Downloads\bgg1toolu\img\234277.jpg,460
C:\Users\thoma\Downloads\bgg1toolu\img\188866.jpg,461
C:\Users\thoma\Downloads\bgg1toolu\img\285192.png,462
C:\Users\thoma\Downloads\bgg1toolu\img\276104.jpg,463
C:\Users\thoma\Downloads\bgg1toolu\img\382350.jpg,464
C:\Users\thoma\Downloads\bgg1toolu\img\260180.jpg,465
C:\Users\thoma\Downloads\bgg1toolu\img\231965.jpg,466
C:\Users\thoma\Downloads\bgg1toolu\img\048726.png,467
C:\Users\thoma\Downloads\bgg1toolu\img\059294.jpg,468
C:\Users\thoma\Downloads\bgg1toolu\img\336986.jpg,469
C:\Users\thoma\Downloads\bgg1toolu\img\203420.jpg,470
C:\Users\thoma\Downloads\bgg1toolu\img\040692.jpg,471
C:\Users\thoma\Downloads\bgg1toolu\img\349067.jpg,472
C:\Users\thoma\Downloads\bgg1toolu\img\301880.png,473
C:\Users\thoma\Downloads\bgg1toolu\img\350933.jpg,474
C:\Users\thoma\Downloads\bgg1toolu\img\172081.png,475
C:\Users\thoma\Downloads\bgg1toolu\img\063888.png,476
C:\Users\thoma\Downloads\bgg1toolu\img\147101.jpg,477
C:\Users\thoma\Downloads\bgg1toolu\img\304420.jpg,478
C:\Users\thoma\Downloads\bgg1toolu\img\172818.jpg,479
C:\Users\thoma\Downloads\bgg1toolu\img\025292.jpg,480
C:\Users\thoma\Downloads\bgg1toolu\img\021241.png,481
C:\Users\thoma\Downloads\bgg1toolu\img\095802.jpg,482
C:\Users\thoma\Downloads\bgg1toolu\img\308119.png,483
C:\Users\thoma\Downloads\bgg1toolu\img\193037.jpg,484
C:\Users\thoma\Downloads\bgg1toolu\img\345584.png,485
C:\Users\thoma\Downloads\bgg1toolu\img\140934.png,486
C:\Users\thoma\Downloads\bgg1toolu\img\318084.png,487
C:\Users\thoma\Downloads\bgg1toolu\img\202426.jpg,488
C:\Users\thoma\Downloads\bgg1toolu\img\336382.jpg,489
C:\Users\thoma\Downloads\bgg1toolu\img\013122.png,490
C:\Users\thoma\Downloads\bgg1toolu\img\219513.jpg,491
C:\Users\thoma\Downloads\bgg1toolu\img\176920.jpg,492
C:\Users\thoma\Downloads\bgg1toolu\img\077130.jpg,493
C:\Users\thoma\Downloads\bgg1toolu\img\059959.jpg,494
C:\Users\thoma\Downloads\bgg1toolu\img\039856.jpg,495
C:\Users\thoma\Downloads\bgg1toolu\img\246192.png,496
C:\Users\thoma\Downloads\bgg1toolu\img\311988.jpg,497
C:\Users\thoma\Downloads\bgg1toolu\img\045315.jpg,498
C:\Users\thoma\Downloads\bgg1toolu\img\379078.jpg,499
C:\Users\thoma\Downloads\bgg1toolu\img\276182.jpg,500
C:\Users\thoma\Downloads\bgg1toolu\img\297030.jpg,501
C:\Users\thoma\Downloads\bgg1toolu\img\128271.jpg,502
C:\Users\thoma\Downloads\bgg1toolu\img\199042.jpg,503
C:\Users\thoma\Downloads\bgg1toolu\img\146439.jpg,504
C:\Users\thoma\Downloads\bgg1toolu\img\342810.jpg,505
C:\Users\thoma\Downloads\bgg1toolu\img\247367.jpg,506
C:\Users\thoma\Downloads\bgg1toolu\img\070919.jpg,507
C:\Users\thoma\Downloads\bgg1toolu\img\155987.jpg,508
C:\Users\thoma\Downloads\bgg1toolu\img\181304.jpg,509
C:\Users\thoma\Downloads\bgg1toolu\img\274638.jpg,510
C:\Users\thoma\Downloads\bgg1toolu\img\106637.jpg,511
C:\Users\thoma\Downloads\bgg1toolu\img\245934.jpg,512
C:\Users\thoma\Downloads\bgg1toolu\img\000372.jpg,513
C:\Users\thoma\Downloads\bgg1toolu\img\008217.jpg,514
C:\Users\thoma\Downloads\bgg1toolu\img\037046.jpg,515
C:\Users\thoma\Downloads\bgg1toolu\img\119890.jpg,516
C:\Users\thoma\Downloads\bgg1toolu\img\041114.jpg,517
C:\Users\thoma\Downloads\bgg1toolu\img\333255.jpg,518
C:\Users\thoma\Downloads\bgg1toolu\img\090850.jpg,519
C:\Users\thoma\Downloads\bgg1toolu\img\090137.jpg,520
C:\Users\thoma\Downloads\bgg1toolu\img\288168.jpg,521
C:\Users\thoma\Downloads\bgg1toolu\img\385529.png,522
C:\Users\thoma\Downloads\bgg1toolu\img\163745.jpg,523
C:\Users\thoma\Downloads\bgg1toolu\img\246684.jpg,524
C:\Users\thoma\Downloads\bgg1toolu\img\222509.jpg,525
C:\Users\thoma\Downloads\bgg1toolu\img\192458.jpg,526
C:\Users\thoma\Downloads\bgg1toolu\img\269210.jpg,527
C:\Users\thoma\Downloads\bgg1toolu\img\367150.jpg,528
C:\Users\thoma\Downloads\bgg1toolu\img\000234.jpg,529
C:\Users\thoma\Downloads\bgg1toolu\img\234487.jpg,530
C:\Users\thoma\Downloads\bgg1toolu\img\025554.jpg,531
C:\Users\thoma\Downloads\bgg1toolu\img\024480.jpg,532
C:\Users\thoma\Downloads\bgg1toolu\img\195539.jpg,533
C:\Users\thoma\Downloads\bgg1toolu\img\260428.jpg,534
C:\Users\thoma\Downloads\bgg1toolu\img\244711.jpg,535
C:\Users\thoma\Downloads\bgg1toolu\img\039775.jpg,536
C:\Users\thoma\Downloads\bgg1toolu\img\351040.jpg,537
C:\Users\thoma\Downloads\bgg1toolu\img\315767.png,538
C:\Users\thoma\Downloads\bgg1toolu\img\039683.jpg,539
C:\Users\thoma\Downloads\bgg1toolu\img\009217.jpg,540
C:\Users\thoma\Downloads\bgg1toolu\img\122328.jpg,541
C:\Users\thoma\Downloads\bgg1toolu\img\357563.jpg,542
C:\Users\thoma\Downloads\bgg1toolu\img\101721.png,543
C:\Users\thoma\Downloads\bgg1toolu\img\250458.jpg,544
C:\Users\thoma\Downloads\bgg1toolu\img\000171.jpg,545
C:\Users\thoma\Downloads\bgg1toolu\img\329500.jpg,546
C:\Users\thoma\Downloads\bgg1toolu\img\291794.jpg,547
C:\Users\thoma\Downloads\bgg1toolu\img\284742.jpg,548
C:\Users\thoma\Downloads\bgg1toolu\img\015987.jpg,549
C:\Users\thoma\Downloads\bgg1toolu\img\070323.jpg,550
C:\Users\thoma\Downloads\bgg1toolu\img\177478.png,551
C:\Users\thoma\Downloads\bgg1toolu\img\171915.jpg,552
C:\Users\thoma\Downloads\bgg1toolu\img\258210.jpg,553
C:\Users\thoma\Downloads\bgg1toolu\img\322708.png,554
C:\Users\thoma\Downloads\bgg1toolu\img\092415.jpg,555
C:\Users\thoma\Downloads\bgg1toolu\img\194594.jpg,556
C:\Users\thoma\Downloads\bgg1toolu\img\303057.jpg,557
C:\Users\thoma\Downloads\bgg1toolu\img\053383.jpg,558
C:\Users\thoma\Downloads\bgg1toolu\img\343905.jpg,559
C:\Users\thoma\Downloads\bgg1toolu\img\236191.jpg,560
C:\Users\thoma\Downloads\bgg1toolu\img\215311.png,561
C:\Users\thoma\Downloads\bgg1toolu\img\265736.jpg,562
C:\Users\thoma\Downloads\bgg1toolu\img\021348.jpg,563
C:\Users\thoma\Downloads\bgg1toolu\img\031594.jpg,564
C:\Users\thoma\Downloads\bgg1toolu\img\033160.jpg,565
C:\Users\thoma\Downloads\bgg1toolu\img\298069.png,566
C:\Users\thoma\Downloads\bgg1toolu\img\000001.jpg,567
C:\Users\thoma\Downloads\bgg1toolu\img\347102.jpg,568
C:\Users\thoma\Downloads\bgg1toolu\img\192951.jpg,569
C:\Users\thoma\Downloads\bgg1toolu\img\198773.jpg,570
C:\Users\thoma\Downloads\bgg1toolu\img\206480.jpg,571
C:\Users\thoma\Downloads\bgg1toolu\img\256226.jpg,572
C:\Users\thoma\Downloads\bgg1toolu\img\144592.jpg,573
C:\Users\thoma\Downloads\bgg1toolu\img\166669.jpg,574
C:\Users\thoma\Downloads\bgg1toolu\img\025031.jpg,575
C:\Users\thoma\Downloads\bgg1toolu\img\128671.jpg,576
C:\Users\thoma\Downloads\bgg1toolu\img\293141.jpg,577
C:\Users\thoma\Downloads\bgg1toolu\img\318182.jpg,578
C:\Users\thoma\Downloads\bgg1toolu\img\140068.jpg,579
C:\Users\thoma\Downloads\bgg1toolu\img\138161.png,580
C:\Users\thoma\Downloads\bgg1toolu\img\034219.jpg,581
C:\Users\thoma\Downloads\bgg1toolu\img\000071.jpg,582
C:\Users\thoma\Downloads\bgg1toolu\img\292375.jpg,583
C:\Users\thoma\Downloads\bgg1toolu\img\182134.jpg,584
C:\Users\thoma\Downloads\bgg1toolu\img\186751.jpg,585
C:\Users\thoma\Downloads\bgg1toolu\img\017392.jpg,586
C:\Users\thoma\Downloads\bgg1toolu\img\319422.jpg,587
C:\Users\thoma\Downloads\bgg1toolu\img\290484.jpg,588
C:\Users\thoma\Downloads\bgg1toolu\img\262543.png,589
C:\Users\thoma\Downloads\bgg1toolu\img\170771.jpg,590
C:\Users\thoma\Downloads\bgg1toolu\img\180585.jpg,591
C:\Users\thoma\Downloads\bgg1toolu\img\229220.jpg,592
C:\Users\thoma\Downloads\bgg1toolu\img\151347.jpg,593
C:\Users\thoma\Downloads\bgg1toolu\img\267367.jpg,594
C:\Users\thoma\Downloads\bgg1toolu\img\354934.png,595
C:\Users\thoma\Downloads\bgg1toolu\img\328565.jpg,596
C:\Users\thoma\Downloads\bgg1toolu\img\334590.png,597
C:\Users\thoma\Downloads\bgg1toolu\img\251658.png,598
C:\Users\thoma\Downloads\bgg1toolu\img\066188.jpg,599
C:\Users\thoma\Downloads\bgg1toolu\img\054625.jpg,600
C:\Users\thoma\Downloads\bgg1toolu\img\204305.jpg,601
C:\Users\thoma\Downloads\bgg1toolu\img\400602.jpg,602
C:\Users\thoma\Downloads\bgg1toolu\img\174506.jpg,603
C:\Users\thoma\Downloads\bgg1toolu\img\336847.jpg,604
C:\Users\thoma\Downloads\bgg1toolu\img\355093.jpg,605
C:\Users\thoma\Downloads\bgg1toolu\img\100901.jpg,606
C:\Users\thoma\Downloads\bgg1toolu\img\062222.jpg,607
C:\Users\thoma\Downloads\bgg1toolu\img\040765.jpg,608
C:\Users\thoma\Downloads\bgg1toolu\img\055670.jpg,609
C:\Users\thoma\Downloads\bgg1toolu\img\262151.jpg,610
C:\Users\thoma\Downloads\bgg1toolu\img\027162.jpg,611
C:\Users\thoma\Downloads\bgg1toolu\img\161614.jpg,612
C:\Users\thoma\Downloads\bgg1toolu\img\154809.jpg,613
C:\Users\thoma\Downloads\bgg1toolu\img\316412.png,614
C:\Users\thoma\Downloads\bgg1toolu\img\229941.jpg,615
C:\Users\thoma\Downloads\bgg1toolu\img\133993.jpg,616
C:\Users\thoma\Downloads\bgg1toolu\img\225563.jpg,617
C:\Users\thoma\Downloads\bgg1toolu\img\315610.png,618
C:\Users\thoma\Downloads\bgg1toolu\img\215341.jpg,619
C:\Users\thoma\Downloads\bgg1toolu\img\000150.jpg,620
C:\Users\thoma\Downloads\bgg1toolu\img\356033.jpg,621
C:\Users\thoma\Downloads\bgg1toolu\img\286751.jpg,622
C:\Users\thoma\Downloads\bgg1toolu\img\335764.jpg,623
C:\Users\thoma\Downloads\bgg1toolu\img\124708.jpg,624
C:\Users\thoma\Downloads\bgg1toolu\img\156858.png,625
C:\Users\thoma\Downloads\bgg1toolu\img\018833.jpg,626
C:\Users\thoma\Downloads\bgg1toolu\img\280833.jpg,627
C:\Users\thoma\Downloads\bgg1toolu\img\264241.jpg,628
C:\Users\thoma\Downloads\bgg1toolu\img\271601.jpg,629
C:\Users\thoma\Downloads\bgg1toolu\img\036932.jpg,630
C:\Users\thoma\Downloads\bgg1toolu\img\000121.jpg,631
C:\Users\thoma\Downloads\bgg1toolu\img\192153.png,632
C:\Users\thoma\Downloads\bgg1toolu\img\325635.jpg,633
C:\Users\thoma\Downloads\bgg1toolu\img\338834.jpg,634
C:\Users\thoma\Downloads\bgg1toolu\img\368173.jpg,635
C:\Users\thoma\Downloads\bgg1toolu\img\063628.jpg,636
C:\Users\thoma\Downloads\bgg1toolu\img\011170.jpg,637
C:\Users\thoma\Downloads\bgg1toolu\img\000177.jpg,638
C:\Users\thoma\Downloads\bgg1toolu\img\175095.jpg,639
C:\Users\thoma\Downloads\bgg1toolu\img\353288.jpg,640
C:\Users\thoma\Downloads\bgg1toolu\img\000243.jpg,641
C:\Users\thoma\Downloads\bgg1toolu\img\319910.png,642
C:\Users\thoma\Downloads\bgg1toolu\img\365258.png,643
C:\Users\thoma\Downloads\bgg1toolu\img\096913.jpg,644
C:\Users\thoma\Downloads\bgg1toolu\img\000220.jpg,645
C:\Users\thoma\Downloads\bgg1toolu\img\038378.jpg,646
C:\Users\thoma\Downloads\bgg1toolu\img\081618.jpg,647
C:\Users\thoma\Downloads\bgg1toolu\img\000011.jpg,648
C:\Users\thoma\Downloads\bgg1toolu\img\012942.jpg,649
C:\Users\thoma\Downloads\bgg1toolu\img\205398.jpg,650
C:\Users\thoma\Downloads\bgg1toolu\img\169427.jpg,651
C:\Users\thoma\Downloads\bgg1toolu\img\158899.jpg,652
C:\Users\thoma\Downloads\bgg1toolu\img\176396.jpg,653
C:\Users\thoma\Downloads\bgg1toolu\img\066362.jpg,654
C:\Users\thoma\Downloads\bgg1toolu\img\079828.jpg,655
C:\Users\thoma\Downloads\bgg1toolu\img\256730.jpg,656
C:\Users\thoma\Downloads\bgg1toolu\img\000552.jpg,657
C:\Users\thoma\Downloads\bgg1toolu\img\239942.jpg,658
C:\Users\thoma\Downloads\bgg1toolu\img\256952.jpg,659
C:\Users\thoma\Downloads\bgg1toolu\img\269144.jpg,660
C:\Users\thoma\Downloads\bgg1toolu\img\216600.png,661
C:\Users\thoma\Downloads\bgg1toolu\img\290359.jpg,662
C:\Users\thoma\Downloads\bgg1toolu\img\270844.jpg,663
C:\Users\thoma\Downloads\bgg1toolu\img\385610.png,664
C:\Users\thoma\Downloads\bgg1toolu\img\144189.png,665
C:\Users\thoma\Downloads\bgg1toolu\img\194607.png,666
C:\Users\thoma\Downloads\bgg1toolu\img\233312.jpg,667
C:\Users\thoma\Downloads\bgg1toolu\img\274960.png,668
C:\Users\thoma\Downloads\bgg1toolu\img\000478.jpg,669
C:\Users\thoma\Downloads\bgg1toolu\img\000503.jpg,670
C:\Users\thoma\Downloads\bgg1toolu\img\015062.jpg,671
C:\Users\thoma\Downloads\bgg1toolu\img\365137.png,672
C:\Users\thoma\Downloads\bgg1toolu\img\043570.jpg,673
C:\Users\thoma\Downloads\bgg1toolu\img\290236.jpg,674
C:\Users\thoma\Downloads\bgg1toolu\img\005404.jpg,675
C:\Users\thoma\Downloads\bgg1toolu\img\020437.jpg,676
C:\Users\thoma\Downloads\bgg1toolu\img\181817.jpg,677
C:\Users\thoma\Downloads\bgg1toolu\img\226522.jpg,678
C:\Users\thoma\Downloads\bgg1toolu\img\098778.jpg,679
C:\Users\thoma\Downloads\bgg1toolu\img\180974.jpg,680
C:\Users\thoma\Downloads\bgg1toolu\img\193042.jpg,681
C:\Users\thoma\Downloads\bgg1toolu\img\137408.jpg,682
C:\Users\thoma\Downloads\bgg1toolu\img\025417.jpg,683
C:\Users\thoma\Downloads\bgg1toolu\img\037397.jpg,684
C:\Users\thoma\Downloads\bgg1toolu\img\240196.jpg,685
C:\Users\thoma\Downloads\bgg1toolu\img\283393.jpg,686
C:\Users\thoma\Downloads\bgg1toolu\img\150658.jpg,687
C:\Users\thoma\Downloads\bgg1toolu\img\157969.jpg,688
C:\Users\thoma\Downloads\bgg1toolu\img\367498.jpg,689
C:\Users\thoma\Downloads\bgg1toolu\img\136063.jpg,690
C:\Users\thoma\Downloads\bgg1toolu\img\381297.png,691
C:\Users\thoma\Downloads\bgg1toolu\img\348406.jpg,692
C:\Users\thoma\Downloads\bgg1toolu\img\189035.jpg,693
C:\Users\thoma\Downloads\bgg1toolu\img\019319.jpg,694
C:\Users\thoma\Downloads\bgg1toolu\img\162082.png,695
C:\Users\thoma\Downloads\bgg1toolu\img\359438.jpg,696
C:\Users\thoma\Downloads\bgg1toolu\img\083330.jpg,697
C:\Users\thoma\Downloads\bgg1toolu\img\029416.jpg,698
C:\Users\thoma\Downloads\bgg1toolu\img\017226.jpg,699
C:\Users\thoma\Downloads\bgg1toolu\img\172505.jpg,700
C:\Users\thoma\Downloads\bgg1toolu\img\000712.jpg,701
C:\Users\thoma\Downloads\bgg1toolu\img\242705.jpg,702
C:\Users\thoma\Downloads\bgg1toolu\img\232414.jpg,703
C:\Users\thoma\Downloads\bgg1toolu\img\232394.jpg,704
C:\Users\thoma\Downloads\bgg1toolu\img\021790.jpg,705
C:\Users\thoma\Downloads\bgg1toolu\img\000013.png,706
C:\Users\thoma\Downloads\bgg1toolu\img\266830.png,707
C:\Users\thoma\Downloads\bgg1toolu\img\105134.jpg,708
C:\Users\thoma\Downloads\bgg1toolu\img\191862.jpg,709
C:\Users\thoma\Downloads\bgg1toolu\img\197376.jpg,710
C:\Users\thoma\Downloads\bgg1toolu\img\000325.jpg,711
C:\Users\thoma\Downloads\bgg1toolu\img\006249.jpg,712
C:\Users\thoma\Downloads\bgg1toolu\img\379629.png,713
C:\Users\thoma\Downloads\bgg1toolu\img\293296.jpg,714
C:\Users\thoma\Downloads\bgg1toolu\img\177639.jpg,715
C:\Users\thoma\Downloads\bgg1toolu\img\306430.jpg,716
C:\Users\thoma\Downloads\bgg1toolu\img\245654.png,717
C:\Users\thoma\Downloads\bgg1toolu\img\144797.jpg,718
C:\Users\thoma\Downloads\bgg1toolu\img\019245.jpg,719
C:\Users\thoma\Downloads\bgg1toolu\img\146791.jpg,720
C:\Users\thoma\Downloads\bgg1toolu\img\248929.jpg,721
C:\Users\thoma\Downloads\bgg1toolu\img\353545.jpg,722
C:\Users\thoma\Downloads\bgg1toolu\img\307002.jpg,723
C:\Users\thoma\Downloads\bgg1toolu\img\156009.jpg,724
C:\Users\thoma\Downloads\bgg1toolu\img\278292.png,725
C:\Users\thoma\Downloads\bgg1toolu\img\062227.jpg,726
C:\Users\thoma\Downloads\bgg1toolu\img\255823.jpg,727
C:\Users\thoma\Downloads\bgg1toolu\img\252328.jpg,728
C:\Users\thoma\Downloads\bgg1toolu\img\057072.jpg,729
C:\Users\thoma\Downloads\bgg1toolu\img\163106.jpg,730
C:\Users\thoma\Downloads\bgg1toolu\img\040776.png,731
C:\Users\thoma\Downloads\bgg1toolu\img\352515.jpg,732
C:\Users\thoma\Downloads\bgg1toolu\img\009674.jpg,733
C:\Users\thoma\Downloads\bgg1toolu\img\142379.jpg,734
C:\Users\thoma\Downloads\bgg1toolu\img\340466.png,735
C:\Users\thoma\Downloads\bgg1toolu\img\311247.jpg,736
C:\Users\thoma\Downloads\bgg1toolu\img\367041.png,737
C:\Users\thoma\Downloads\bgg1toolu\img\280794.png,738
C:\Users\thoma\Downloads\bgg1toolu\img\416851.png,739
C:\Users\thoma\Downloads\bgg1toolu\img\429293.png,740
C:\Users\thoma\Downloads\bgg1toolu\img\128996.jpg,741
C:\Users\thoma\Downloads\bgg1toolu\img\117959.jpg,742
C:\Users\thoma\Downloads\bgg1toolu\img\097786.jpg,743
C:\Users\thoma\Downloads\bgg1toolu\img\318009.png,744
C:\Users\thoma\Downloads\bgg1toolu\img\245961.jpg,745
C:\Users\thoma\Downloads\bgg1toolu\img\031999.jpg,746
C:\Users\thoma\Downloads\bgg1toolu\img\284435.jpg,747
C:\Users\thoma\Downloads\bgg1toolu\img\066121.jpg,748
C:\Users\thoma\Downloads\bgg1toolu\img\017405.jpg,749
C:\Users\thoma\Downloads\bgg1toolu\img\210164.png,750
C:\Users\thoma\Downloads\bgg1toolu\img\348450.jpg,751
C:\Users\thoma\Downloads\bgg1toolu\img\119506.jpg,752
C:\Users\thoma\Downloads\bgg1toolu\img\015985.jpg,753
C:\Users\thoma\Downloads\bgg1toolu\img\262215.jpg,754
C:\Users\thoma\Downloads\bgg1toolu\img\197586.jpg,755
C:\Users\thoma\Downloads\bgg1toolu\img\196326.jpg,756
C:\Users\thoma\Downloads\bgg1toolu\img\181530.jpg,757
C:\Users\thoma\Downloads\bgg1toolu\img\153938.jpg,758
C:\Users\thoma\Downloads\bgg1toolu\img\171668.png,759
C:\Users\thoma\Downloads\bgg1toolu\img\000018.jpg,760
C:\Users\thoma\Downloads\bgg1toolu\img\091312.jpg,761
C:\Users\thoma\Downloads\bgg1toolu\img\133473.jpg,762
C:\Users\thoma\Downloads\bgg1toolu\img\031730.jpg,763
C:\Users\thoma\Downloads\bgg1toolu\img\125618.jpg,764
C:\Users\thoma\Downloads\bgg1toolu\img\307683.jpg,765
C:\Users\thoma\Downloads\bgg1toolu\img\336794.jpg,766
C:\Users\thoma\Downloads\bgg1toolu\img\028023.png,767
C:\Users\thoma\Downloads\bgg1toolu\img\090419.jpg,768
C:\Users\thoma\Downloads\bgg1toolu\img\170561.png,769
C:\Users\thoma\Downloads\bgg1toolu\img\309977.png,770
C:\Users\thoma\Downloads\bgg1toolu\img\206941.jpg,771
C:\Users\thoma\Downloads\bgg1toolu\img\289222.png,772
C:\Users\thoma\Downloads\bgg1toolu\img\163968.png,773
C:\Users\thoma\Downloads\bgg1toolu\img\097842.jpg,774
C:\Users\thoma\Downloads\bgg1toolu\img\183251.jpg,775
C:\Users\thoma\Downloads\bgg1toolu\img\065781.jpg,776
C:\Users\thoma\Downloads\bgg1toolu\img\127398.jpg,777
C:\Users\thoma\Downloads\bgg1toolu\img\221965.jpg,778
C:\Users\thoma\Downloads\bgg1toolu\img\145196.jpg,779
C:\Users\thoma\Downloads\bgg1toolu\img\334986.png,780
C:\Users\thoma\Downloads\bgg1toolu\img\279067.png,781
C:\Users\thoma\Downloads\bgg1toolu\img\318243.png,782
C:\Users\thoma\Downloads\bgg1toolu\img\105551.jpg,783
C:\Users\thoma\Downloads\bgg1toolu\img\248490.jpg,784
C:\Users\thoma\Downloads\bgg1toolu\img\147949.png,785
C:\Users\thoma\Downloads\bgg1toolu\img\027173.jpg,786
C:\Users\thoma\Downloads\bgg1toolu\img\133848.jpg,787
C:\Users\thoma\Downloads\bgg1toolu\img\218074.jpg,788
C:\Users\thoma\Downloads\bgg1toolu\img\296237.png,789
C:\Users\thoma\Downloads\bgg1toolu\img\213460.jpg,790
C:\Users\thoma\Downloads\bgg1toolu\img\084419.png,791
C:\Users\thoma\Downloads\bgg1toolu\img\034119.jpg,792
C:\Users\thoma\Downloads\bgg1toolu\img\000475.jpg,793
C:\Users\thoma\Downloads\bgg1toolu\img\022827.jpg,794
C:\Users\thoma\Downloads\bgg1toolu\img\095527.jpg,795
C:\Users\thoma\Downloads\bgg1toolu\img\002346.jpg,796
C:\Users\thoma\Downloads\bgg1toolu\img\265402.jpg,797
C:\Users\thoma\Downloads\bgg1toolu\img\102652.jpg,798
C:\Users\thoma\Downloads\bgg1toolu\img\036553.jpg,799
C:\Users\thoma\Downloads\bgg1toolu\img\004390.png,800
C:\Users\thoma\Downloads\bgg1toolu\img\259996.jpg,801
C:\Users\thoma\Downloads\bgg1toolu\img\264055.jpg,802
C:\Users\thoma\Downloads\bgg1toolu\img\151022.png,803
C:\Users\thoma\Downloads\bgg1toolu\img\383607.jpg,804
C:\Users\thoma\Downloads\bgg1toolu\img\273473.jpg,805
C:\Users\thoma\Downloads\bgg1toolu\img\137166.jpg,806
C:\Users\thoma\Downloads\bgg1toolu\img\149922.jpg,807
C:\Users\thoma\Downloads\bgg1toolu\img\175100.jpg,808
C:\Users\thoma\Downloads\bgg1toolu\img\172308.jpg,809
C:\Users\thoma\Downloads\bgg1toolu\img\219787.jpg,810
C:\Users\thoma\Downloads\bgg1toolu\img\170624.jpg,811
C:\Users\thoma\Downloads\bgg1toolu\img\295564.png,812
C:\Users\thoma\Downloads\bgg1toolu\img\285235.png,813
C:\Users\thoma\Downloads\bgg1toolu\img\015363.jpg,814
C:\Users\thoma\Downloads\bgg1toolu\img\142020.jpg,815
C:\Users\thoma\Downloads\bgg1toolu\img\136223.jpg,816
C:\Users\thoma\Downloads\bgg1toolu\img\346965.jpg,817
C:\Users\thoma\Downloads\bgg1toolu\img\218791.png,818
C:\Users\thoma\Downloads\bgg1toolu\img\219650.png,819
C:\Users\thoma\Downloads\bgg1toolu\img\232043.png,820
C:\Users\thoma\Downloads\bgg1toolu\img\284777.jpg,821
C:\Users\thoma\Downloads\bgg1toolu\img\220913.jpg,822
C:\Users\thoma\Downloads\bgg1toolu\img\133038.jpg,823
C:\Users\thoma\Downloads\bgg1toolu\img\193949.jpg,824
C:\Users\thoma\Downloads\bgg1toolu\img\027746.jpg,825
C:\Users\thoma\Downloads\bgg1toolu\img\000432.jpg,826
C:\Users\thoma\Downloads\bgg1toolu\img\128780.jpg,827
C:\Users\thoma\Downloads\bgg1toolu\img\216734.jpg,828
C:\Users\thoma\Downloads\bgg1toolu\img\042052.jpg,829
C:\Users\thoma\Downloads\bgg1toolu\img\095619.jpg,830
C:\Users\thoma\Downloads\bgg1toolu\img\328866.png,831
C:\Users\thoma\Downloads\bgg1toolu\img\266121.jpg,832
C:\Users\thoma\Downloads\bgg1toolu\img\057070.jpg,833
C:\Users\thoma\Downloads\bgg1toolu\img\304051.jpg,834
C:\Users\thoma\Downloads\bgg1toolu\img\386368.jpg,835
C:\Users\thoma\Downloads\bgg1toolu\img\030746.jpg,836
C:\Users\thoma\Downloads\bgg1toolu\img\130960.jpg,837
C:\Users\thoma\Downloads\bgg1toolu\img\329954.jpg,838
C:\Users\thoma\Downloads\bgg1toolu\img\413246.png,839
C:\Users\thoma\Downloads\bgg1toolu\img\058421.jpg,840
C:\Users\thoma\Downloads\bgg1toolu\img\042215.jpg,841
C:\Users\thoma\Downloads\bgg1toolu\img\000875.jpg,842
C:\Users\thoma\Downloads\bgg1toolu\img\307305.jpg,843
C:\Users\thoma\Downloads\bgg1toolu\img\256999.jpg,844
C:\Users\thoma\Downloads\bgg1toolu\img\241533.jpg,845
C:\Users\thoma\Downloads\bgg1toolu\img\332390.png,846
C:\Users\thoma\Downloads\bgg1toolu\img\159508.jpg,847
C:\Users\thoma\Downloads\bgg1toolu\img\237179.jpg,848
C:\Users\thoma\Downloads\bgg1toolu\img\131357.jpg,849
C:\Users\thoma\Downloads\bgg1toolu\img\362944.png,850
C:\Users\thoma\Downloads\bgg1toolu\img\045358.jpg,851
C:\Users\thoma\Downloads\bgg1toolu\img\000699.jpg,852
C:\Users\thoma\Downloads\bgg1toolu\img\269511.jpg,853
C:\Users\thoma\Downloads\bgg1toolu\img\123123.jpg,854
C:\Users\thoma\Downloads\bgg1toolu\img\141572.jpg,855
C:\Users\thoma\Downloads\bgg1toolu\img\244115.png,856
C:\Users\thoma\Downloads\bgg1toolu\img\356080.jpg,857
C:\Users\thoma\Downloads\bgg1toolu\img\192836.jpg,858
C:\Users\thoma\Downloads\bgg1toolu\img\111799.jpg,859
C:\Users\thoma\Downloads\bgg1toolu\img\000046.png,860
C:\Users\thoma\Downloads\bgg1toolu\img\025945.jpg,861
C:\Users\thoma\Downloads\bgg1toolu\img\270673.jpg,862
C:\Users\thoma\Downloads\bgg1toolu\img\193823.jpg,863
C:\Users\thoma\Downloads\bgg1toolu\img\137479.jpg,864
C:\Users\thoma\Downloads\bgg1toolu\img\087507.jpg,865
C:\Users\thoma\Downloads\bgg1toolu\img\005782.png,866
C:\Users\thoma\Downloads\bgg1toolu\img\009625.png,867
C:\Users\thoma\Downloads\bgg1toolu\img\039351.jpg,868
C:\Users\thoma\Downloads\bgg1toolu\img\300878.png,869
C:\Users\thoma\Downloads\bgg1toolu\img\247315.jpg,870
C:\Users\thoma\Downloads\bgg1toolu\img\299597.png,871
C:\Users\thoma\Downloads\bgg1toolu\img\096778.jpg,872
C:\Users\thoma\Downloads\bgg1toolu\img\291845.png,873
C:\Users\thoma\Downloads\bgg1toolu\img\140603.jpg,874
C:\Users\thoma\Downloads\bgg1toolu\img\190082.jpg,875
C:\Users\thoma\Downloads\bgg1toolu\img\224710.jpg,876
C:\Users\thoma\Downloads\bgg1toolu\img\347703.jpg,877
C:\Users\thoma\Downloads\bgg1toolu\img\030869.jpg,878
C:\Users\thoma\Downloads\bgg1toolu\img\135219.jpg,879
C:\Users\thoma\Downloads\bgg1toolu\img\039938.jpg,880
C:\Users\thoma\Downloads\bgg1toolu\img\113924.jpg,881
C:\Users\thoma\Downloads\bgg1toolu\img\006472.jpg,882
C:\Users\thoma\Downloads\bgg1toolu\img\141648.jpg,883
C:\Users\thoma\Downloads\bgg1toolu\img\346501.jpg,884
C:\Users\thoma\Downloads\bgg1toolu\img\281655.png,885
C:\Users\thoma\Downloads\bgg1toolu\img\155703.jpg,886
C:\Users\thoma\Downloads\bgg1toolu\img\298383.jpg,887
C:\Users\thoma\Downloads\bgg1toolu\img\263711.png,888
C:\Users\thoma\Downloads\bgg1toolu\img\042776.jpg,889
C:\Users\thoma\Downloads\bgg1toolu\img\329551.jpg,890
C:\Users\thoma\Downloads\bgg1toolu\img\369880.jpg,891
C:\Users\thoma\Downloads\bgg1toolu\img\244114.jpg,892
C:\Users\thoma\Downloads\bgg1toolu\img\153016.jpg,893
C:\Users\thoma\Downloads\bgg1toolu\img\003685.jpg,894
C:\Users\thoma\Downloads\bgg1toolu\img\135779.png,895
C:\Users\thoma\Downloads\bgg1toolu\img\037904.jpg,896
C:\Users\thoma\Downloads\bgg1toolu\img\160010.jpg,897
C:\Users\thoma\Downloads\bgg1toolu\img\013004.jpg,898
C:\Users\thoma\Downloads\bgg1toolu\img\143519.jpg,899
C:\Users\thoma\Downloads\bgg1toolu\img\010547.png,900
C:\Users\thoma\Downloads\bgg1toolu\img\337765.jpg,901
C:\Users\thoma\Downloads\bgg1toolu\img\169255.jpg,902
C:\Users\thoma\Downloads\bgg1toolu\img\328479.jpg,903
C:\Users\thoma\Downloads\bgg1toolu\img\001353.jpg,904
C:\Users\thoma\Downloads\bgg1toolu\img\370913.jpg,905
C:\Users\thoma\Downloads\bgg1toolu\img\205359.jpg,906
C:\Users\thoma\Downloads\bgg1toolu\img\181693.jpg,907
C:\Users\thoma\Downloads\bgg1toolu\img\258036.jpg,908
C:\Users\thoma\Downloads\bgg1toolu\img\387866.jpg,909
C:\Users\thoma\Downloads\bgg1toolu\img\174785.jpg,910
C:\Users\thoma\Downloads\bgg1toolu\img\262941.jpg,911
C:\Users\thoma\Downloads\bgg1toolu\img\002398.jpg,912
C:\Users\thoma\Downloads\bgg1toolu\img\024508.png,913
C:\Users\thoma\Downloads\bgg1toolu\img\171499.jpg,914
C:\Users\thoma\Downloads\bgg1toolu\img\108415.jpg,915
C:\Users\thoma\Downloads\bgg1toolu\img\218603.jpg,916
C:\Users\thoma\Downloads\bgg1toolu\img\174095.jpg,917
C:\Users\thoma\Downloads\bgg1toolu\img\107529.jpg,918
C:\Users\thoma\Downloads\bgg1toolu\img\271518.jpg,919
C:\Users\thoma\Downloads\bgg1toolu\img\212445.jpg,920
C:\Users\thoma\Downloads\bgg1toolu\img\244262.jpg,921
C:\Users\thoma\Downloads\bgg1toolu\img\209778.jpg,922
C:\Users\thoma\Downloads\bgg1toolu\img\003201.jpg,923
C:\Users\thoma\Downloads\bgg1toolu\img\100423.jpg,924
C:\Users\thoma\Downloads\bgg1toolu\img\245377.jpg,925
C:\Users\thoma\Downloads\bgg1toolu\img\334065.png,926
C:\Users\thoma\Downloads\bgg1toolu\img\273330.png,927
C:\Users\thoma\Downloads\bgg1toolu\img\300300.jpg,928
C:\Users\thoma\Downloads\bgg1toolu\img\233247.jpg,929
C:\Users\thoma\Downloads\bgg1toolu\img\306040.jpg,930
C:\Users\thoma\Downloads\bgg1toolu\img\326494.jpg,931
C:\Users\thoma\Downloads\bgg1toolu\img\021763.jpg,932
C:\Users\thoma\Downloads\bgg1toolu\img\283864.jpg,933
C:\Users\thoma\Downloads\bgg1toolu\img\345868.jpg,934
C:\Users\thoma\Downloads\bgg1toolu\img\121408.jpg,935
C:\Users\thoma\Downloads\bgg1toolu\img\296912.png,936
C:\Users\thoma\Downloads\bgg1toolu\img\023540.jpg,937
C:\Users\thoma\Downloads\bgg1toolu\img\224654.jpg,938
C:\Users\thoma\Downloads\bgg1toolu\img\361545.png,939
C:\Users\thoma\Downloads\bgg1toolu\img\192661.png,940
C:\Users\thoma\Downloads\bgg1toolu\img\163166.jpg,941
C:\Users\thoma\Downloads\bgg1toolu\img\163839.jpg,942
C:\Users\thoma\Downloads\bgg1toolu\img\397385.jpg,943
C:\Users\thoma\Downloads\bgg1toolu\img\306881.jpg,944
C:\Users\thoma\Downloads\bgg1toolu\img\286063.png,945
C:\Users\thoma\Downloads\bgg1toolu\img\001513.jpg,946
C:\Users\thoma\Downloads\bgg1toolu\img\132018.jpg,947
C:\Users\thoma\Downloads\bgg1toolu\img\000041.png,948
C:\Users\thoma\Downloads\bgg1toolu\img\341945.jpg,949
C:\Users\thoma\Downloads\bgg1toolu\img\204472.png,950
C:\Users\thoma\Downloads\bgg1toolu\img\198953.jpg,951
C:\Users\thoma\Downloads\bgg1toolu\img\119432.jpg,952
C:\Users\thoma\Downloads\bgg1toolu\img\284760.jpg,953
C:\Users\thoma\Downloads\bgg1toolu\img\279613.jpg,954
C:\Users\thoma\Downloads\bgg1toolu\img\180511.jpg,955
C:\Users\thoma\Downloads\bgg1toolu\img\183562.png,956
C:\Users\thoma\Downloads\bgg1toolu\img\281332.jpg,957
C:\Users\thoma\Downloads\bgg1toolu\img\058281.png,958
C:\Users\thoma\Downloads\bgg1toolu\img\113294.jpg,959
C:\Users\thoma\Downloads\bgg1toolu\img\193558.jpg,960
C:\Users\thoma\Downloads\bgg1toolu\img\069789.jpg,961
C:\Users\thoma\Downloads\bgg1toolu\img\202670.jpg,962
C:\Users\thoma\Downloads\bgg1toolu\img\231581.jpg,963
C:\Users\thoma\Downloads\bgg1toolu\img\301255.jpg,964
C:\Users\thoma\Downloads\bgg1toolu\img\000088.jpg,965
C:\Users\thoma\Downloads\bgg1toolu\img\283863.jpg,966
C:\Users\thoma\Downloads\bgg1toolu\img\300905.jpg,967
C:\Users\thoma\Downloads\bgg1toolu\img\346703.jpg,968
C:\Users\thoma\Downloads\bgg1toolu\img\050750.jpg,969
C:\Users\thoma\Downloads\bgg1toolu\img\266164.jpg,970
C:\Users\thoma\Downloads\bgg1toolu\img\030380.jpg,971
C:\Users\thoma\Downloads\bgg1toolu\img\242639.jpg,972
C:\Users\thoma\Downloads\bgg1toolu\img\002955.jpg,973
C:\Users\thoma\Downloads\bgg1toolu\img\180593.jpg,974
C:\Users\thoma\Downloads\bgg1toolu\img\363247.png,975
C:\Users\thoma\Downloads\bgg1toolu\img\315708.jpg,976
C:\Users\thoma\Downloads\bgg1toolu\img\029603.jpg,977
C:\Users\thoma\Downloads\bgg1toolu\img\257501.jpg,978
C:\Users\thoma\Downloads\bgg1toolu\img\183840.jpg,979
C:\Users\thoma\Downloads\bgg1toolu\img\123540.jpg,980
C:\Users\thoma\Downloads\bgg1toolu\img\384213.jpg,981
C:\Users\thoma\Downloads\bgg1toolu\img\167400.jpg,982
C:\Users\thoma\Downloads\bgg1toolu\img\213893.jpg,983
C:\Users\thoma\Downloads\bgg1toolu\img\249381.jpg,984
C:\Users\thoma\Downloads\bgg1toolu\img\220517.png,985
C:\Users\thoma\Downloads\bgg1toolu\img\368305.png,986
C:\Users\thoma\Downloads\bgg1toolu\img\168584.jpg,987
C:\Users\thoma\Downloads\bgg1toolu\img\156336.jpg,988
C:\Users\thoma\Downloads\bgg1toolu\img\340375.jpg,989
C:\Users\thoma\Downloads\bgg1toolu\img\071721.jpg,990
C:\Users\thoma\Downloads\bgg1toolu\img\070512.png,991
C:\Users\thoma\Downloads\bgg1toolu\img\338957.png,992
C:\Users\thoma\Downloads\bgg1toolu\img\177352.jpg,993
C:\Users\thoma\Downloads\bgg1toolu\img\270970.jpg,994
C:\Users\thoma\Downloads\bgg1toolu\img\007717.jpg,995
C:\Users\thoma\Downloads\bgg1toolu\img\154825.png,996
C:\Users\thoma\Downloads\bgg1toolu\img\148729.jpg,997
