FryxGames,0
Roxley,1
alea,2
Z-Man Games,3
Feuerland Spiele,4
Cephalofair Games,5
Fantasy Flight Games,6
Dire Wolf,7
Ares Games,8
Greater Than Games LLC,9
GMT Games,10
Czech Games Edition,11
Stonemaier Games,12
eggertspiele,13
Lautapelit.fi,14
Repos Production,15
WizKids (I),16
Awaken Realms,17
PD-Verlag,18
Leder Games,19
Chip Theory Games,20
dlp games,21
Cranio Creations,22
Scorpion Masqué,23
Rio Grande Games,24
KOSMOS,25
Starling Games (II),26
Wizards of the Coast,27
Days of Wonder,28
(Public Domain),29
Lucky Duck Games,30
Eagle-Gryphon Games,31
Wehrlegig Games,32
Delicious Games,33
Hegemonic Project Games,34
Flatout Games,35
CMON Global Limited,36
Lookout Games,37
Mindclash Games,38
Contention Games,39
Cool Mini Or Not,40
Shadowborne Games,41
Red Raven Games,42
Capstone Games,43
Kayenta Games,44
2F-Spiele,45
CMYK,46
Karma Games,47
Game's Up,48
Garphill Games,49
Riot Games,50
Kingdom Death,51
Next Move Games,52
Pegasus Spiele,53
Libellud,54
Devir,55
Aporta Games,56
Action Phase Games,57
ThunderGryph Games,58
Hans im Glück,59
NSKN Games,60
Oink Games,61
Czech Board Games,62
The Pandemonium Institute,63
Foxtrot Games,64
Portal Games,65
Van Ryder Games,66
Space Cowboys,67
Matagot,68
Quined Games,69
Ravensburger,70
Breaking Games,71
R&D Games,72
Ystari Games,73
Pearl Games,74
Warfrog Games,75
Ammonit Spiele,76
Argentum Verlag,77
Druid City Games,78
Serious Poulp,79
OKAZU Brand,80
Grey Fox Games,81
Keymaster Games,82
HUCH!,83
Board&Dice,84
Gale Force Nine LLC,85
Thunderworks Games,86
Wise Wizard Games,87
Sand Castle Games,88
The City of Games,89
Frosted Games,90
La Boîte de Jeu,91
Osprey Games,92
Adam's Apple Games LLC,93
Alderac Entertainment Group,94
Sleuth Publications,95
Burnt Island Games,96
Upper Deck Entertainment,97
Funtails,98
Mondo Games,99
Schmidt Spiele,100
Far Off Games,101
GameWorks SàRL,102
Blue Cocker Games,103
Inside Up Games,104
Gen42 Games,105
Rebel Studio,106
Floodgate Games,107
Bézier Games,108
Indie Boards & Cards,109
Restoration Games,110
Plaid Hat Games,111
Fata Morgana Spiele,112
GRRRE Games,113
Don & Co.,114
Klask ApS,115
Goat Wolf & Cabbage,116
Pandasaurus Games,117
Spielworxx,118
Plan B Games,119
EmperorS4,120
Jolly Thinkers,121
Gamewright,122
Edition Spielwiese,123
Cambridge Games Factory,124
IELLO,125
Kolossal Games,126
Stronghold Games,127
The Avalon Hill Game Co,128
Queen Games,129
Catch Up Games,130
Cardboard Alchemy,131
Off the Page Games,132
Fantasia Games,133
Paverson Games,134
Grandpa Beck's Games,135
Ludonaute,136
Bombyx,137
Blue Orange (EU),138
Mayfair Games,139
Arcane Wonders,140
Dice Throne Inc.,141
Petersen Games,142
The Op Games,143
Perplext,144
CD Projekt RED,145
Minion Games,146
conception,147
Splotter Spellen,148
3M,149
Hobby Japan,150
Tropical Games,151
Parker Brothers,152
Victory Point Games,153
Horrible Guild,154
Gamelyn Games,155
Megacorpin Games,156
Boardcubator,157
Clever Mojo Games,158
Fowers Games,159
Asmadi Games,160
Arclight Games,161
Hall Games,162
Ion Game Design,163
Nerdlab Games,164
Filosofia Éditions,165
Hobby World,166
Nexus Editrice,167
Glass Cannon Unplugged,168
ASS Altenburger Spielkarten,169
Brueh Games Inc.,170
Mandoo Games,171
Cosmodrome Games,172
Stratelibri,173
Gigamic,174
Game Brewer,175
Mind Bottling Games,176
Elf Creek Games,177
UTSUROI,178
PSC Games,179
Lui-même,180
Funko Games,181
Dr. Finn's Games,182
Hartland Trefoil Ltd.,183
NorthStar Game Studio,184
Monolith Board Games,185
Orange Nebula LLC,186
Palm Court,187
Level 99 Games,188
(Self-Published),189
Button Shy,190
Games Workshop Ltd.,191
Asmodee,192
Deep Print Games,193
Doit Games,194
Nauvoo Games,195
What's Your Game?,196
Ferti,197
Game Salute,198
Hasbro,199
Underdog Games (I),200
Wyrmgold GmbH,201
MeepleBR,202
AMIGO,203
Windrider Games,204
Succubus Publishing,205
Treefrog Games,206
Ludus Magnus Studio,207
Metafactory Games,208
Road To Infamy Games (R2i Games),209
ABACUSSPIELE,210
Pretzel Games,211
Avalon Hill,212
Into the Unknown,213
BoardGameTables.com,214
Flying Frog Productions,215
Badgers from Mars,216
Cocktail Games,217
Office Dog,218
Academy Games Inc.,219
Deep Thought Games LLC,220
(Web published),221
Sweet Games,222
Adventureland Games,223
Marabunta,224
Daily Magic Games,225
HABA,226
Jumbo,227
Ludically,228
Renegade Game Studios,229
Corfix,230
R&R Games,231
Ankama,232
Tasty Minstrel Games,233
Albi Polska,234
Paizo Publishing,235
Sierra Madre Games,236
Edge Entertainment,237
KTBG,238
999 Games,239
Zoch Verlag,240
Artipia Games,241
Stone Blade Entertainment,242
Nürnberger-Spielkarten-Verlag,243
Motor City Gameworks,244
Kayal Games,245
Giochi Uniti,246
Quined White Goblin Games,247
Forbidden Games,248
Grail Games,249
Columbia Games,250
Funforge,251
ASYNCRON games,252
ADC Blackfire Entertainment,253
Sit Down!,254
Hurrican,255
Explor8,256
Odd Bird Games,257
Inside the Box Board Games LLP (ITB),258
Surprised Stare Games Ltd,259
SchilMil Games Ltd.,260
F.X. Schmid,261
Ludonova,262
Decision Games (I),263
Meromorph Games,264
Bad Comet,265
inPatience,266
Maldito Games,267
